Image,Ground Truth,Raw Prediction,Trimmed Prediction,True Length,Predicted Length,Blur Score,Is Blurry,Structure Error
000_00_皖AD06151_皖AD06151.png,皖AD06151,皖AD06151065,皖AD06151,9,9,111.95,No,No
000_01_皖AD19555_皖AD19555.png,皖AD19555,皖AD19555555皖,皖AD19555,9,9,15.2,Yes,No
000_02_皖AD22322_皖AD22322.png,皖AD22322,皖AD2232222222,皖AD22322,9,9,34.45,Yes,No
000_03_皖AD16686_皖AD16686.png,皖AD16686,皖AD16686155皖,皖AD16686,9,9,67.18,Yes,No
000_04_皖AF06788_皖AF06788.png,皖AF06788,皖AF0678867,皖AF06788,9,9,81.11,Yes,No
000_05_皖AD26799_皖AD26799.png,皖AD26799,皖AD26799225,皖AD26799,9,9,161.39,No,No
000_06_皖ADT1435_皖ADT1435.png,皖ADT1435,皖ADT143577,皖ADT1435,9,9,47.6,Yes,No
000_07_皖ADT0981_皖ADT0981.png,皖ADT0981,皖ADT0981777皖,皖ADT0981,9,9,100.95,No,No
000_08_皖AD16008_皖AD16008.png,皖AD16008,皖AD1600855,皖AD16008,9,9,408.62,No,No
000_09_皖AF00198_皖AF00198.png,皖AF00198,皖AF001980000皖,皖AF00198,9,9,338.95,No,No
000_10_皖AF10000_皖AF10000.png,皖AF10000,皖AF100000007皖,皖AF10000,9,9,175.84,No,No
000_11_皖AF06789_皖AF06789.png,皖AF06789,皖AF067896皖,皖AF06789,9,9,110.77,No,No
000_12_皖AD06151_皖AD06151.png,皖AD06151,皖AD06151065,皖AD06151,9,9,119.65,No,No
000_13_皖AD00328_皖AD00328.png,皖AD00328,皖AD00328002,皖AD00328,9,9,107.53,No,No
000_14_皖AD16008_皖AD16008.png,皖AD16008,皖AD160085皖,皖AD16008,9,9,321.39,No,No
000_15_皖AD02408_皖AD02408.png,皖AD02408,皖AD02408022,皖AD02408,9,9,85.09,Yes,No
000_16_皖AF11777_皖AF11777.png,皖AF11777,皖AF1177777,皖AF11777,9,9,315.14,No,No
000_17_皖AD16668_皖AD16668.png,皖AD16668,皖AD16668165皖,皖AD16668,9,9,73.82,Yes,No
000_18_皖AD10088_皖AD10088.png,皖AD10088,皖AD1008811皖,皖AD10088,9,9,170.13,No,No
000_19_皖AD18887_皖AD18887.png,皖AD18887,皖AD1888711皖,皖AD18887,9,9,157.45,No,No
000_20_皖AD08820_皖AD08820.png,皖AD08820,皖AD08820002,皖AD08820,9,9,112.9,No,No
000_21_皖AD35199_皖AD35199.png,皖AD35199,皖AD35199355,皖AD35199,9,9,87.08,Yes,No
000_22_皖ADT1469_皖ADT1469.png,皖ADT1469,皖ADT146975,皖ADT1469,9,9,18.17,Yes,No
000_23_皖AD09485_皖AD09485.png,皖AD09485,皖AD0948505皖皖,皖AD09485,9,9,178.85,No,No
000_24_苏AD00331_苏AD00331.png,苏AD00331,苏AD0033103,苏AD00331,9,9,668.13,No,No
000_25_皖AF00116_皖AF00116.png,皖AF00116,皖AF00116002,皖AF00116,9,9,431.22,No,No
000_26_皖AD03782_皖AD03782.png,皖AD03782,皖AD03782033,皖AD03782,9,9,165.95,No,No
000_27_皖AD01686_皖AD01686.png,皖AD01686,皖AD0168601皖皖,皖AD01686,9,9,191.55,No,No
000_28_皖AD06855_皖AD06855.png,皖AD06855,皖AD06855055,皖AD06855,9,9,233.02,No,No
000_29_皖AD19191_皖AD19191.png,皖AD19191,皖AD1919115皖,皖AD19191,9,9,156.37,No,No
000_30_皖AD19979_皖AD19979.png,皖AD19979,皖AD1997912皖,皖AD19979,9,9,99.47,Yes,No
000_31_皖ADT1120_皖ADT1120.png,皖ADT1120,皖ADT112072,皖ADT1120,9,9,189.59,No,No
000_32_皖AD07573_皖AD07573.png,皖AD07573,皖AD0757377,皖AD07573,9,9,106.4,No,No
000_33_皖AD10208_皖AD10208.png,皖AD10208,皖AD10208125,皖AD10208,9,9,821.43,No,No
000_34_皖AD02176_皖AD02176.png,皖AD02176,皖AD02176027,皖AD02176,9,9,23.6,Yes,No
000_35_皖AF06789_皖AF06789.png,皖AF06789,皖AF067896皖,皖AF06789,9,9,60.15,Yes,No
000_36_皖AD02514_皖AD02514.png,皖AD02514,皖AD02514022,皖AD02514,9,9,94.67,Yes,No
000_37_皖ADT1481_皖ADT1481.png,皖ADT1481,皖ADT148172,皖ADT1481,9,9,319.3,No,No
000_38_皖AD12333_皖AD12333.png,皖AD12333,皖AD1233323,皖AD12333,9,9,109.56,No,No
000_39_皖AD20939_皖AD20939.png,皖AD20939,皖AD209392222,皖AD20939,9,9,40.26,Yes,No
000_40_皖AD07288_皖AD07288.png,皖AD07288,皖AD0728807皖,皖AD07288,9,9,607.58,No,No
000_41_皖AD00328_皖AD00328.png,皖AD00328,皖AD00328002,皖AD00328,9,9,134.91,No,No
000_42_皖AD11911_皖AD11911.png,皖AD11911,皖AD119111111,皖AD11911,9,9,57.94,Yes,No
000_43_皖AD09852_皖AD09852.png,皖AD09852,皖AD09852002,皖AD09852,9,9,318.61,No,No
000_44_皖AD25688_皖AD25688.png,皖AD25688,皖AD256882252,皖AD25688,9,9,208.47,No,No
000_45_皖AD26399_皖AD26399.png,皖AD26399,皖AD263992222,皖AD26399,9,9,109.43,No,No
000_46_皖AD09999_皖AD09999.png,皖AD09999,皖AD0999909皖,皖AD09999,9,9,213.41,No,No
000_47_皖AD26628_皖AD26628.png,皖AD26628,皖AD26628222,皖AD26628,9,9,190.79,No,No
000_48_皖AD19979_皖AD19979.png,皖AD19979,皖AD1997919皖,皖AD19979,9,9,377.69,No,No
000_49_皖AD06686_皖AD06686.png,皖AD06686,皖AD06686065,皖AD06686,9,9,314.24,No,No
000_50_皖AD06151_皖AD06151.png,皖AD06151,皖AD06151065,皖AD06151,9,9,168.34,No,No
000_51_皖AD08780_皖AD08780.png,皖AD08780,皖AD08780皖,皖AD08780,9,9,156.24,No,No
000_52_皖AD18888_皖AD18888.png,皖AD18888,皖AD188881111,皖AD18888,9,9,809.4,No,No
000_53_皖AD09586_皖AD09586.png,皖AD09586,皖AD0958605皖,皖AD09586,9,9,375.83,No,No
000_54_浙AF03277_浙AF03277.png,浙AF03277,浙AF032773373,浙AF03277,9,9,399.75,No,No
000_55_皖AD09208_皖AD09208.png,皖AD09208,皖AD0920802皖,皖AD09208,9,9,115.12,No,No
000_56_皖AD00809_皖AD00809.png,皖AD00809,皖AD008090000,皖AD00809,9,9,448.27,No,No
000_57_皖AD26629_皖AD26629.png,皖AD26629,皖AD266292222,皖AD26629,9,9,500.1,No,No
000_58_皖AD06888_皖AD06888.png,皖AD06888,皖AD0688806皖,皖AD06888,9,9,129.49,No,No
000_59_皖AD09867_皖AD09867.png,皖AD09867,皖AD0986709皖,皖AD09867,9,9,204.56,No,No
000_60_皖AD10101_皖AD10101.png,皖AD10101,皖AD101011111皖,皖AD10101,9,9,540.64,No,No
000_61_皖AD10082_皖AD10082.png,皖AD10082,皖AD10082525,皖AD10082,9,9,363.98,No,No
000_62_皖AD03737_皖AD03737.png,皖AD03737,皖AD03737033,皖AD03737,9,9,188.29,No,No
000_63_苏AD00331_苏AD00331.png,苏AD00331,苏AD0033123,苏AD00331,9,9,177.09,No,No
001_00_皖AD02822_皖AD02822.png,皖AD02822,皖AD0282200222,皖AD02822,9,9,256.56,No,No
001_01_皖AD06686_皖AD06686.png,皖AD06686,皖AD06686066,皖AD06686,9,9,145.6,No,No
001_02_皖AD19936_皖AD19936.png,皖AD19936,皖AD1993655皖,皖AD19936,9,9,288.33,No,No
001_03_皖AD18889_皖AD18999.png,皖AD18889,皖AD189991111,皖AD18999,9,9,291.08,No,Yes
001_04_皖AD19906_皖AD19906.png,皖AD19906,皖AD199069皖皖,皖AD19906,9,9,284.36,No,No
001_05_皖AF10000_皖AF10000.png,皖AF10000,皖AF10000000皖,皖AF10000,9,9,173.93,No,No
001_06_皖BD03352_皖BD03352.png,皖BD03352,皖BD033520000,皖BD03352,9,9,330.49,No,No
001_07_皖AD17778_皖AD17778.png,皖AD17778,皖AD177787皖,皖AD17778,9,9,113.59,No,No
001_08_皖AD01957_皖AD01957.png,皖AD01957,皖AD0195700皖,皖AD01957,9,9,65.06,Yes,No
001_09_皖ADT0912_皖ADT0912.png,皖ADT0912,皖ADT09120777,皖ADT0912,9,9,31.84,Yes,No
001_10_皖AD07000_皖AD07000.png,皖AD07000,皖AD07000077,皖AD07000,9,9,336.41,No,No
001_11_皖AF00155_皖AF00155.png,皖AF00155,皖AF00155000,皖AF00155,9,9,107.27,No,No
001_12_皖AD09849_皖AD09849.png,皖AD09849,皖AD0984909皖,皖AD09849,9,9,72.37,Yes,No
001_13_皖AD02822_皖AD02822.png,皖AD02822,皖AD02822022,皖AD02822,9,9,344.53,No,No
001_14_皖AD00053_皖AD00053.png,皖AD00053,皖AD00053002,皖AD00053,9,9,255.44,No,No
001_15_皖AD23908_皖AD23908.png,皖AD23908,皖AD239082222,皖AD23908,9,9,248.91,No,No
001_16_皖AD08212_皖AD08212.png,皖AD08212,皖AD08212022,皖AD08212,9,9,209.54,No,No
001_17_皖AD09292_皖AD09292.png,皖AD09292,皖AD09292092,皖AD09292,9,9,134.64,No,No
001_18_皖AD11188_皖AD11188.png,皖AD11188,皖AD1118811皖,皖AD11188,9,9,300.39,No,No
001_19_皖AD16688_皖AD16688.png,皖AD16688,皖AD16688155,皖AD16688,9,9,96.36,Yes,No
001_20_皖AD06151_皖AD06151.png,皖AD06151,皖AD06151065,皖AD06151,9,9,198.0,No,No
001_21_皖AD09923_皖AD09923.png,皖AD09923,皖AD09923002,皖AD09923,9,9,121.22,No,No
001_22_皖AD07888_皖AD07888.png,皖AD07888,皖AD0788877,皖AD07888,9,9,52.2,Yes,No
001_23_皖AD09585_皖AD09585.png,皖AD09585,皖AD09585055,皖AD09585,9,9,748.04,No,No
001_24_皖AD03698_皖AD03698.png,皖AD03698,皖AD03698037,皖AD03698,9,9,411.53,No,No
001_25_皖AD09688_皖AD09686.png,皖AD09688,皖AD0968605皖,皖AD09686,9,9,230.76,No,Yes
001_26_皖AD03715_皖AD03715.png,皖AD03715,皖AD03715033皖,皖AD03715,9,9,399.86,No,No
001_27_皖AD07490_皖AD07490.png,皖AD07490,皖AD07490077,皖AD07490,9,9,659.33,No,No
001_28_皖AD02580_皖AD02580.png,皖AD02580,皖AD02580022,皖AD02580,9,9,204.47,No,No
001_29_皖AD00328_皖AD00328.png,皖AD00328,皖AD00328002,皖AD00328,9,9,401.18,No,No
001_30_皖AD20180_皖AD20180.png,皖AD20180,皖AD2018022222,皖AD20180,9,9,568.88,No,No
001_31_皖AD08760_皖AD08760.png,皖AD08760,皖AD087608皖,皖AD08760,9,9,160.65,No,No
001_32_皖AD16688_皖AD16688.png,皖AD16688,皖AD16688155,皖AD16688,9,9,572.48,No,No
001_33_皖AD05136_皖AD05136.png,皖AD05136,皖AD0513605皖皖,皖AD05136,9,9,109.53,No,No
001_34_皖AD00051_皖AD00051.png,皖AD00051,皖AD00051007,皖AD00051,9,9,291.48,No,No
001_35_皖AD02750_皖AD02750.png,皖AD02750,皖AD02750022,皖AD02750,9,9,62.73,Yes,No
001_36_皖AD08966_皖AD08966.png,皖AD08966,皖AD0896608皖,皖AD08966,9,9,204.2,No,No
001_37_皖AD16588_皖AD16588.png,皖AD16588,皖AD1658855,皖AD16588,9,9,1509.87,No,No
001_38_皖AD00916_皖AD00916.png,皖AD00916,皖AD0091600皖,皖AD00916,9,9,1286.52,No,No
001_39_皖AD02569_皖AD02569.png,皖AD02569,皖AD0256902皖,皖AD02569,9,9,184.22,No,No
001_40_皖AD10000_皖AD10000.png,皖AD10000,皖AD10000000皖,皖AD10000,9,9,185.42,No,No
001_41_皖AD06151_皖AD06151.png,皖AD06151,皖AD06151065,皖AD06151,9,9,367.18,No,No
001_42_皖AD09843_皖AD09843.png,皖AD09843,皖AD0984300皖,皖AD09843,9,9,346.82,No,No
001_43_皖AD09991_皖AD09991.png,皖AD09991,皖AD0999109皖,皖AD09991,9,9,644.74,No,No
001_44_皖AD09854_皖AD09854.png,皖AD09854,皖AD0985409皖,皖AD09854,9,9,137.51,No,No
001_45_皖AD01992_皖AD01992.png,皖AD01992,皖AD019920002,皖AD01992,9,9,169.48,No,No
001_46_皖AD09875_皖AD09875.png,皖AD09875,皖AD09875022,皖AD09875,9,9,97.48,Yes,No
001_47_皖AD08808_皖AD08808.png,皖AD08808,皖AD0880800皖,皖AD08808,9,9,208.55,No,No
001_48_皖AD09969_皖AD09969.png,皖AD09969,皖AD0996909皖,皖AD09969,9,9,408.67,No,No
001_49_皖AD03782_皖AD07782.png,皖AD03782,皖AD07782077,皖AD07782,9,9,148.3,No,Yes
001_50_皖AD03782_皖AD03782.png,皖AD03782,皖AD03782033,皖AD03782,9,9,196.56,No,No
001_51_皖ADT1011_皖ADT1011.png,皖ADT1011,皖ADT1011077,皖ADT1011,9,9,225.06,No,No
001_52_皖AD02598_皖AD02598.png,皖AD02598,皖AD02598022,皖AD02598,9,9,138.38,No,No
001_53_皖AD15599_皖AD15599.png,皖AD15599,皖AD1559955皖,皖AD15599,9,9,191.7,No,No
001_54_皖AF00126_皖AF00126.png,皖AF00126,皖AF00126002,皖AF00126,9,9,1621.06,No,No
001_55_皖AD00876_皖AD00876.png,皖AD00876,皖AD00876007皖,皖AD00876,9,9,152.66,No,No
001_56_皖AD09220_皖AD09220.png,皖AD09220,皖AD09220022,皖AD09220,9,9,125.99,No,No
001_57_皖AD23928_苏AD33928.png,皖AD23928,苏AD3392833333,苏AD33928,9,9,392.61,No,Yes
001_58_皖AD02536_皖AD02536.png,皖AD02536,皖AD0253622,皖AD02536,9,9,98.54,Yes,No
001_59_皖AF19999_皖AF19999.png,皖AF19999,皖AF19999177,皖AF19999,9,9,82.8,Yes,No
001_60_皖AD04666_皖AD04666.png,皖AD04666,皖AD04666066,皖AD04666,9,9,175.33,No,No
001_61_皖ADT1039_皖ADT1039.png,皖ADT1039,皖ADT103975,皖ADT1039,9,9,141.44,No,No
001_62_沪AD62628_沪AD62628.png,沪AD62628,沪AD62628622,沪AD62628,9,9,212.08,No,No
001_63_皖AF00117_皖AF00117.png,皖AF00117,皖AF00117000,皖AF00117,9,9,328.32,No,No
002_00_皖AD07478_皖AD07478.png,皖AD07478,皖AD07478077皖,皖AD07478,9,9,150.97,No,No
002_01_皖AD02431_皖AD02431.png,皖AD02431,皖AD0243122,皖AD02431,9,9,80.12,Yes,No
002_02_皖AD05482_皖AD05482.png,皖AD05482,皖AD05482022,皖AD05482,9,9,225.36,No,No
002_03_皖AD02188_皖AD02188.png,皖AD02188,皖AD0218822,皖AD02188,9,9,261.58,No,No
002_04_皖AD19130_皖AD19138.png,皖AD19130,皖AD191385皖皖,皖AD19138,9,9,24.15,Yes,Yes
002_05_皖AD00518_皖AD00518.png,皖AD00518,皖AD0051800皖,皖AD00518,9,9,183.7,No,No
002_06_皖ADT1008_皖ADT1008.png,皖ADT1008,皖ADT100877,皖ADT1008,9,9,262.42,No,No
002_07_皖AD07586_皖AD07586.png,皖AD07586,皖AD07586077,皖AD07586,9,9,149.36,No,No
002_08_皖AD19666_皖AD19666.png,皖AD19666,皖AD19666596,皖AD19666,9,9,92.05,Yes,No
002_09_皖ADT1405_皖ADT1405.png,皖ADT1405,皖ADT1405072,皖ADT1405,9,9,258.04,No,No
002_10_皖AD03194_皖AD03194.png,皖AD03194,皖AD03194033,皖AD03194,9,9,140.58,No,No
002_11_皖AD06151_皖AD06151.png,皖AD06151,皖AD0615165,皖AD06151,9,9,149.9,No,No
002_12_沪AF07692_沪AF07692.png,沪AF07692,沪AF07692077,沪AF07692,9,9,287.81,No,No
002_13_皖AF07000_皖AF07000.png,皖AF07000,皖AF07000777,皖AF07000,9,9,339.16,No,No
002_14_皖AD03352_皖AD03352.png,皖AD03352,皖AD03352033,皖AD03352,9,9,619.46,No,No
002_15_皖AD09527_皖AD09527.png,皖AD09527,皖AD09527000,皖AD09527,9,9,158.38,No,No
002_16_皖AD05926_皖AD05926.png,皖AD05926,皖AD05926055,皖AD05926,9,9,188.64,No,No
002_17_皖AD06453_皖AD06453.png,皖AD06453,皖AD06453065,皖AD06453,9,9,108.15,No,No
002_18_皖AD16688_皖AD16688.png,皖AD16688,皖AD16688155,皖AD16688,9,9,318.41,No,No
002_19_皖AF06555_皖AF06555.png,皖AF06555,皖AF0655565,皖AF06555,9,9,257.97,No,No
002_20_皖AD03606_皖AD03606.png,皖AD03606,皖AD03606037,皖AD03606,9,9,281.53,No,No
002_21_皖AD07681_皖AD07681.png,皖AD07681,皖AD07681077,皖AD07681,9,9,192.52,No,No
002_22_沪AF63110_沪AF53110.png,沪AF63110,沪AF531103333,沪AF53110,9,9,115.14,No,Yes
002_23_皖AD09875_皖AD09875.png,皖AD09875,皖AD0987500皖,皖AD09875,9,9,210.38,No,No
002_24_皖ADT1011_皖ADT1011.png,皖ADT1011,皖ADT101177,皖ADT1011,9,9,256.61,No,No
002_25_皖AD04076_皖AD04076.png,皖AD04076,皖AD040767皖,皖AD04076,9,9,53.8,Yes,No
002_26_皖AD09862_皖AD09862.png,皖AD09862,皖AD09862092,皖AD09862,9,9,250.22,No,No
002_27_皖AD05064_皖AD05064.png,皖AD05064,皖AD05064055,皖AD05064,9,9,90.39,Yes,No
002_28_皖AD06890_皖AD06890.png,皖AD06890,皖AD0689000皖,皖AD06890,9,9,368.21,No,No
002_29_皖AD09824_皖AD09824.png,皖AD09824,皖AD09824022,皖AD09824,9,9,517.42,No,No
002_30_皖AD07568_皖AD07568.png,皖AD07568,皖AD0756877,皖AD07568,9,9,77.67,Yes,No
002_31_皖AD26629_皖AD26629.png,皖AD26629,皖AD2662922222,皖AD26629,9,9,408.55,No,No
002_32_皖AD06569_皖AD06569.png,皖AD06569,皖AD06569065,皖AD06569,9,9,157.39,No,No
002_33_皖AD03782_皖AD03782.png,皖AD03782,皖AD03782033,皖AD03782,9,9,249.02,No,No
002_34_皖AD09976_皖AD09976.png,皖AD09976,皖AD0997609皖,皖AD09976,9,9,168.65,No,No
002_35_皖AD16688_皖AD16688.png,皖AD16688,皖AD16688555,皖AD16688,9,9,251.39,No,No
002_36_皖ADT0932_皖ADT0932.png,皖ADT0932,皖ADT0932777,皖ADT0932,9,9,490.12,No,No
002_37_皖AD03774_皖AD03774.png,皖AD03774,皖AD03774077,皖AD03774,9,9,137.82,No,No
002_38_皖AF11777_皖AF11777.png,皖AF11777,皖AF11777177,皖AF11777,9,9,463.71,No,No
002_39_皖AD16686_皖AD16686.png,皖AD16686,皖AD16686555皖,皖AD16686,9,9,124.52,No,No
002_40_皖AD00028_皖AD00028.png,皖AD00028,皖AD00028002,皖AD00028,9,9,81.64,Yes,No
002_41_皖AD02537_皖AD02537.png,皖AD02537,皖AD02537077,皖AD02537,9,9,18.16,Yes,No
002_42_皖AD09900_皖AD09900.png,皖AD09900,皖AD0990009皖,皖AD09900,9,9,444.33,No,No
002_43_皖AD07068_皖AD07068.png,皖AD07068,皖AD07068077,皖AD07068,9,9,198.3,No,No
002_44_皖AD05228_皖AD05228.png,皖AD05228,皖AD05228052,皖AD05228,9,9,327.06,No,No
002_45_皖AD05840_皖AD05840.png,皖AD05840,皖AD0584005皖,皖AD05840,9,9,204.12,No,No
002_46_皖AD09838_皖AD09838.png,皖AD09838,皖AD0983800皖,皖AD09838,9,9,213.22,No,No
002_47_皖AD28776_皖AD28776.png,皖AD28776,皖AD28776222,皖AD28776,9,9,845.15,No,No
002_48_皖AD09626_皖AD09626.png,皖AD09626,皖AD09626092,皖AD09626,9,9,756.86,No,No
002_49_皖AD01770_皖AD01770.png,皖AD01770,皖AD017707皖,皖AD01770,9,9,214.62,No,No
002_50_皖AD06151_皖AD06151.png,皖AD06151,皖AD0615165,皖AD06151,9,9,176.76,No,No
002_51_皖AD19199_皖AD19199.png,皖AD19199,皖AD1919915皖,皖AD19199,9,9,745.09,No,No
002_52_皖AD08760_皖AD08760.png,皖AD08760,皖AD087600皖,皖AD08760,9,9,189.45,No,No
002_53_皖AD03671_皖AD03670.png,皖AD03671,皖AD03670037,皖AD03670,9,9,162.68,No,Yes
002_54_皖AD02177_皖AD02177.png,皖AD02177,皖AD0217727,皖AD02177,9,9,213.5,No,No
002_55_皖AF06768_皖AF06768.png,皖AF06768,皖AF0676866,皖AF06768,9,9,311.34,No,No
002_56_皖AD06686_皖AD06686.png,皖AD06686,皖AD0668665,皖AD06686,9,9,1891.87,No,No
002_57_皖AD05155_皖AD05155.png,皖AD05155,皖AD05155055皖,皖AD05155,9,9,550.58,No,No
002_58_皖ADT0990_皖ADT0990.png,皖ADT0990,皖ADT0990000,皖ADT0990,9,9,283.55,No,No
002_59_皖AF00166_皖AF00166.png,皖AF00166,皖AF00166005,皖AF00166,9,9,1159.54,No,No
002_60_皖AD00863_皖AD00863.png,皖AD00863,皖AD00863002,皖AD00863,9,9,204.27,No,No
002_61_皖AD11172_皖AD11172.png,皖AD11172,皖AD11172117,皖AD11172,9,9,204.79,No,No
002_62_皖AD29123_皖AD21153.png,皖AD29123,皖AD211532222,皖AD21153,9,9,57.84,Yes,Yes
002_63_皖AD06151_皖AD06151.png,皖AD06151,皖AD06151065,皖AD06151,9,9,388.56,No,No
003_00_皖AD00109_皖AD00109.png,皖AD00109,皖AD00109000,皖AD00109,9,9,215.88,No,No
003_01_皖AD02486_皖AD02486.png,皖AD02486,皖AD0248622,皖AD02486,9,9,134.46,No,No
003_02_皖AD19889_皖AD19889.png,皖AD19889,皖AD1988915皖皖,皖AD19889,9,9,30.89,Yes,No
003_03_皖AD08780_皖AD08780.png,皖AD08780,皖AD087808皖,皖AD08780,9,9,57.12,Yes,No
003_04_皖AD22297_皖AD22297.png,皖AD22297,皖AD222972227,皖AD22297,9,9,91.51,Yes,No
003_05_皖AD09969_皖AD09969.png,皖AD09969,皖AD0996909皖,皖AD09969,9,9,586.92,No,No
003_06_皖AD02241_皖AD02241.png,皖AD02241,皖AD0224122,皖AD02241,9,9,297.22,No,No
003_07_皖AD01361_皖AD01361.png,皖AD01361,皖AD01361011,皖AD01361,9,9,288.75,No,No
003_08_皖AF18899_皖AF18899.png,皖AF18899,皖AF18899381,皖AF18899,9,9,728.32,No,No
003_09_皖AD06302_皖AD06302.png,皖AD06302,皖AD06302065,皖AD06302,9,9,158.91,No,No
003_10_皖AD06565_皖AD06565.png,皖AD06565,皖AD06565055,皖AD06565,9,9,835.68,No,No
003_11_皖AD03486_皖AD03486.png,皖AD03486,皖AD03486033,皖AD03486,9,9,980.09,No,No
003_12_皖AF06555_皖AF06555.png,皖AF06555,皖AF0655565,皖AF06555,9,9,156.6,No,No
003_13_皖AD09586_皖AD09586.png,皖AD09586,皖AD0958605皖,皖AD09586,9,9,335.79,No,No
003_14_皖AF13898_皖AF13898.png,皖AF13898,皖AF138983771,皖AF13898,9,9,237.28,No,No
003_15_皖AD10208_皖AD10208.png,皖AD10208,皖AD10208122,皖AD10208,9,9,659.3,No,No
003_16_皖AD00208_皖AD00208.png,皖AD00208,皖AD002080002,皖AD00208,9,9,367.32,No,No
003_17_皖AD17789_皖AD17789.png,皖AD17789,皖AD177897皖,皖AD17789,9,9,177.32,No,No
003_18_皖AD15000_皖AD15000.png,皖AD15000,皖AD15000555,皖AD15000,9,9,35.45,Yes,No
003_19_皖AD09834_皖AD09834.png,皖AD09834,皖AD0983400皖,皖AD09834,9,9,309.75,No,No
003_20_皖AD04927_皖AD04927.png,皖AD04927,皖AD0492700皖,皖AD04927,9,9,365.55,No,No
003_21_皖AD00818_皖AD00818.png,皖AD00818,皖AD0081800皖,皖AD00818,9,9,301.6,No,No
003_22_皖ND16333_皖A116333.png,皖ND16333,皖A116333153,皖A116333,9,9,735.26,No,Yes
003_23_浙AF11190_浙AF11190.png,浙AF11190,浙AF11190112,浙AF11190,9,9,783.66,No,No
003_24_皖AD09686_皖AD09686.png,皖AD09686,皖AD0968609皖,皖AD09686,9,9,159.62,No,No
003_25_皖AD06038_皖AD06038.png,皖AD06038,皖AD0603865,皖AD06038,9,9,183.9,No,No
003_26_皖AD25955_皖AD25955.png,皖AD25955,皖AD259552255,皖AD25955,9,9,466.98,No,No
003_27_皖AD09526_皖AD09536.png,皖AD09526,皖AD09536005,皖AD09536,9,9,80.24,Yes,Yes
003_28_皖AD01299_皖AD01299.png,皖AD01299,皖AD01299025,皖AD01299,9,9,326.02,No,No
003_29_皖AD28691_皖AD28691.png,皖AD28691,皖AD286912222,皖AD28691,9,9,757.68,No,No
003_30_皖AD00518_皖AD00518.png,皖AD00518,皖AD0051800皖,皖AD00518,9,9,199.69,No,No
003_31_皖AD04666_皖AD04666.png,皖AD04666,皖AD0466665,皖AD04666,9,9,291.44,No,No
003_32_皖AD06281_皖AD06281.png,皖AD06281,皖AD06281053,皖AD06281,9,9,1320.01,No,No
003_33_沪AD87528_沪AD87528.png,沪AD87528,沪AD8752822,沪AD87528,9,9,491.11,No,No
003_34_皖AD32567_皖AD32567.png,皖AD32567,皖AD325673323,皖AD32567,9,9,200.07,No,No
003_35_皖AD19081_皖AD19081.png,皖AD19081,皖AD190815皖,皖AD19081,9,9,222.91,No,No
003_36_皖AF18886_皖AF18886.png,皖AF18886,皖AF18886181,皖AF18886,9,9,308.51,No,No
003_37_皖AD06151_皖AD06151.png,皖AD06151,皖AD0615165,皖AD06151,9,9,271.13,No,No
003_38_皖AD09900_皖AD09900.png,皖AD09900,皖AD0990009皖,皖AD09900,9,9,718.86,No,No
003_39_皖AD12398_皖AD12398.png,皖AD12398,皖AD12398525,皖AD12398,9,9,271.54,No,No
003_40_皖AD00360_皖AD00360.png,皖AD00360,皖AD00360002,皖AD00360,9,9,145.51,No,No
003_41_皖AD00818_皖AD00818.png,皖AD00818,皖AD00818002,皖AD00818,9,9,173.69,No,No
003_42_皖AD32882_苏AD32882.png,皖AD32882,苏AD3288232223,苏AD32882,9,9,187.47,No,Yes
003_43_皖AD06855_皖AD06855.png,皖AD06855,皖AD06855055,皖AD06855,9,9,121.1,No,No
003_44_皖AD02199_皖AD02199.png,皖AD02199,皖AD02199022,皖AD02199,9,9,92.24,Yes,No
003_45_浙AF03277_浙AF03277.png,浙AF03277,浙AF032773377,浙AF03277,9,9,214.19,No,No
003_46_皖AD09831_皖AD09831.png,皖AD09831,皖AD09831000皖皖,皖AD09831,9,9,230.81,No,No
003_47_皖AD03547_皖AD03547.png,皖AD03547,皖AD03547037,皖AD03547,9,9,77.55,Yes,No
003_48_皖AF07002_皖AF07002.png,皖AF07002,皖AF07002077,皖AF07002,9,9,68.26,Yes,No
003_49_苏AD02615_皖AD22819.png,苏AD02615,皖AD2281922233,皖AD22819,9,9,19.35,Yes,Yes
003_50_沪AF55236_沪AF55236.png,沪AF55236,沪AF552365555,沪AF55236,9,9,61.96,Yes,No
003_51_皖ADT1070_皖AD11070.png,皖ADT1070,皖AD1107077,皖AD11070,9,9,71.85,Yes,Yes
003_52_苏AD30022_苏AD30022.png,苏AD30022,苏AD3002233222,苏AD30022,9,9,632.87,No,No
003_53_皖AD08307_皖AD08307.png,皖AD08307,皖AD0830702,皖AD08307,9,9,18.21,Yes,No
003_54_皖AD28760_皖AD28760.png,皖AD28760,皖AD2876022,皖AD28760,9,9,139.96,No,No
003_55_皖BD06588_皖MD06588.png,皖BD06588,皖MD0658866,皖MD06588,9,9,415.88,No,Yes
003_56_皖AD02615_苏AD02615.png,皖AD02615,苏AD02615022,苏AD02615,9,9,88.91,Yes,Yes
003_57_皖AD29123_皖AD29123.png,皖AD29123,皖AD2912322222,皖AD29123,9,9,345.67,No,No
003_58_皖AD08307_皖AD08307.png,皖AD08307,皖AD0830700皖,皖AD08307,9,9,14.02,Yes,No
003_59_皖AF04488_皖AF04488.png,皖AF04488,皖AF04488057,皖AF04488,9,9,132.28,No,No
003_60_皖AD08781_皖AD08781.png,皖AD08781,皖AD087818皖,皖AD08781,9,9,109.29,No,No
003_61_皖AD02515_皖AD02515.png,皖AD02515,皖AD025150022,皖AD02515,9,9,187.2,No,No
003_62_皖AD02204_皖AD02204.png,皖AD02204,皖AD02204022,皖AD02204,9,9,226.04,No,No
003_63_皖AD23353_皖AD23353.png,皖AD23353,皖AD233533232,皖AD23353,9,9,341.36,No,No
004_00_皖AD21022_皖AF31000.png,皖AD21022,皖AF31000323,皖AF31000,9,9,8.52,Yes,Yes
004_01_皖AD07211_皖AD07217.png,皖AD07211,皖AD07217077,皖AD07217,9,9,156.84,No,Yes
004_02_皖AD09990_皖AD09990.png,皖AD09990,皖AD0999009皖皖,皖AD09990,9,9,166.87,No,No
004_03_皖ADT1056_皖ADT1056.png,皖ADT1056,皖ADT105675,皖ADT1056,9,9,22.19,Yes,No
004_04_皖AF00708_皖AF00708.png,皖AF00708,皖AF0070800皖,皖AF00708,9,9,254.42,No,No
004_05_皖AD29129_皖AD29129.png,皖AD29129,皖AD2912922222,皖AD29129,9,9,132.5,No,No
004_06_皖AF18818_皖AF18818.png,皖AF18818,皖AF18818317,皖AF18818,9,9,366.79,No,No
004_07_皖AD02566_皖AD02566.png,皖AD02566,皖AD02566025,皖AD02566,9,9,197.96,No,No
004_08_皖AD00028_皖AD00028.png,皖AD00028,皖AD00028002,皖AD00028,9,9,380.83,No,No
004_09_皖AD18989_皖AD18989.png,皖AD18989,皖AD189898皖,皖AD18989,9,9,241.85,No,No
004_10_皖AF00786_皖AF00786.png,皖AF00786,皖AF00786077,皖AF00786,9,9,118.73,No,No
004_11_皖AD08873_皖AD08873.png,皖AD08873,皖AD08873003,皖AD08873,9,9,123.03,No,No
004_12_皖AD00706_皖AD00706.png,皖AD00706,皖AD0070600皖,皖AD00706,9,9,158.71,No,No
004_13_皖AF05900_皖AF05900.png,皖AF05900,皖AF05900052,皖AF05900,9,9,152.05,No,No
004_14_皖AD23363_皖AD23363.png,皖AD23363,皖AD2336333,皖AD23363,9,9,317.86,No,No
004_15_皖AD06498_皖AD06498.png,皖AD06498,皖AD0649806皖,皖AD06498,9,9,161.41,No,No
004_16_皖AD09266_皖AD09266.png,皖AD09266,皖AD0926602皖,皖AD09266,9,9,142.69,No,No
004_17_皖AD09293_皖AD09293.png,皖AD09293,皖AD0929302皖,皖AD09293,9,9,24.06,Yes,No
004_18_皖AD03406_皖AD03406.png,皖AD03406,皖AD03406033,皖AD03406,9,9,147.93,No,No
004_19_皖AD13488_皖AD13488.png,皖AD13488,皖AD134883233,皖AD13488,9,9,175.27,No,No
004_20_皖AD11811_皖AD11811.png,皖AD11811,皖AD1181111111,皖AD11811,9,9,153.45,No,No
004_21_皖AD18868_皖AD18868.png,皖AD18868,皖AD18868118皖皖,皖AD18868,9,9,182.32,No,No
004_22_皖AD00396_皖AD00396.png,皖AD00396,皖AD00396002,皖AD00396,9,9,227.36,No,No
004_23_皖AD20909_皖AD20909.png,皖AD20909,皖AD209092皖,皖AD20909,9,9,342.61,No,No
004_24_皖AD09506_皖AD09506.png,皖AD09506,皖AD0950605皖,皖AD09506,9,9,582.01,No,No
004_25_皖AD16688_皖AD16688.png,皖AD16688,皖AD16688155,皖AD16688,9,9,254.69,No,No
004_26_皖AF07002_皖AF07002.png,皖AF07002,皖AF070020777,皖AF07002,9,9,140.76,No,No
004_27_皖AD09661_皖AD09661.png,皖AD09661,皖AD0966195,皖AD09661,9,9,64.83,Yes,No
004_28_皖AD09891_皖AD09891.png,皖AD09891,皖AD0989100皖,皖AD09891,9,9,82.74,Yes,No
004_29_皖AD18268_皖AD18268.png,皖AD18268,皖AD18268125,皖AD18268,9,9,369.9,No,No
004_30_皖AD06989_皖AD06989.png,皖AD06989,皖AD0698906皖,皖AD06989,9,9,127.93,No,No
004_31_皖AD02654_皖AD02654.png,皖AD02654,皖AD02654022,皖AD02654,9,9,48.28,Yes,No
004_32_皖AD10008_皖AD10008.png,皖AD10008,皖AD100080皖,皖AD10008,9,9,229.87,No,No
004_33_皖ADT0946_皖ADT0946.png,皖ADT0946,皖ADT0946077,皖ADT0946,9,9,189.84,No,No
004_34_皖AD21636_皖AD21636.png,皖AD21636,皖AD2163625,皖AD21636,9,9,445.95,No,No
004_35_皖AD09925_皖AD09925.png,皖AD09925,皖AD09925022,皖AD09925,9,9,112.97,No,No
004_36_皖AD06691_皖AD06691.png,皖AD06691,皖AD06691057,皖AD06691,9,9,102.15,No,No
004_37_皖AD16116_皖AD16116.png,皖AD16116,皖AD16116155皖,皖AD16116,9,9,28.94,Yes,No
004_38_皖AD12929_皖AD12929.png,皖AD12929,皖AD12929122,皖AD12929,9,9,77.5,Yes,No
004_39_皖AD09846_皖AD09846.png,皖AD09846,皖AD0984609皖,皖AD09846,9,9,620.22,No,No
004_40_皖AD10008_皖AD10008.png,皖AD10008,皖AD100085皖,皖AD10008,9,9,873.63,No,No
004_41_皖AD08996_皖AD08996.png,皖AD08996,皖AD0899600皖,皖AD08996,9,9,105.49,No,No
004_42_皖AF07089_皖AF07089.png,皖AF07089,皖AF07089077皖,皖AF07089,9,9,544.74,No,No
004_43_皖AD02444_皖AD02444.png,皖AD02444,皖AD02444027,皖AD02444,9,9,103.51,No,No
004_44_皖AD09991_皖AD09991.png,皖AD09991,皖AD0999109皖,皖AD09991,9,9,195.27,No,No
004_45_皖AD02218_皖AD02218.png,皖AD02218,皖AD02218022,皖AD02218,9,9,496.46,No,No
004_46_皖AF07089_皖AF07089.png,皖AF07089,皖AF07089077,皖AF07089,9,9,492.46,No,No
004_47_皖AD00360_皖AD00360.png,皖AD00360,皖AD00360002,皖AD00360,9,9,273.46,No,No
004_48_皖AD16828_皖AD16828.png,皖AD16828,皖AD16828122,皖AD16828,9,9,108.79,No,No
004_49_皖AD16668_皖AD16668.png,皖AD16668,皖AD16668357,皖AD16668,9,9,126.23,No,No
004_50_皖AD02404_皖AD02404.png,皖AD02404,皖AD02404027,皖AD02404,9,9,408.28,No,No
004_51_皖AD00020_皖AD00000.png,皖AD00020,皖AD00000002,皖AD00000,9,9,310.64,No,Yes
004_52_皖AD18116_皖AD18116.png,皖AD18116,皖AD18116111,皖AD18116,9,9,306.67,No,No
004_53_皖AD11011_皖AD11011.png,皖AD11011,皖AD110111111,皖AD11011,9,9,31.8,Yes,No
004_54_皖AD09595_皖AD09595.png,皖AD09595,皖AD0959500皖,皖AD09595,9,9,128.28,No,No
004_55_皖AF18899_皖AF18899.png,皖AF18899,皖AF188993211,皖AF18899,9,9,162.6,No,No
004_56_皖AD00890_皖AD00890.png,皖AD00890,皖AD008900000,皖AD00890,9,9,503.58,No,No
004_57_皖ADT0946_皖ADT0946.png,皖ADT0946,皖ADT094679,皖ADT0946,9,9,113.03,No,No
004_58_皖AD09667_皖AD09667.png,皖AD09667,皖AD09667097,皖AD09667,9,9,36.1,Yes,No
004_59_皖AF16206_皖AF16206.png,皖AF16206,皖AF16206325,皖AF16206,9,9,689.21,No,No
004_60_皖AD09991_皖AD09991.png,皖AD09991,皖AD0999109皖,皖AD09991,9,9,120.87,No,No
004_61_皖AD07664_皖AD07664.png,皖AD07664,皖AD07664077,皖AD07664,9,9,133.33,No,No
004_62_皖AD09991_皖AD09991.png,皖AD09991,皖AD0999109皖,皖AD09991,9,9,48.48,Yes,No
004_63_皖AD07989_皖AD07989.png,皖AD07989,皖AD0798907皖,皖AD07989,9,9,573.66,No,No
005_00_皖AD07740_皖AD07740.png,皖AD07740,皖AD077407皖,皖AD07740,9,9,194.7,No,No
005_01_皖AD00032_皖AD00032.png,皖AD00032,皖AD00032002,皖AD00032,9,9,17.86,Yes,No
005_02_皖AD10826_皖AD10826.png,皖AD10826,皖AD10826122,皖AD10826,9,9,273.86,No,No
005_03_皖AD00518_皖AD00518.png,皖AD00518,皖AD0051800皖,皖AD00518,9,9,106.21,No,No
005_04_皖AD19199_皖AD19199.png,皖AD19199,皖AD1919915皖,皖AD19199,9,9,280.07,No,No
005_05_皖AD28555_皖AD28555.png,皖AD28555,皖AD285552222,皖AD28555,9,9,199.36,No,No
005_06_皖AD10208_皖AD10208.png,皖AD10208,皖AD102081121,皖AD10208,9,9,133.32,No,No
005_07_皖AD27277_皖AD27277.png,皖AD27277,皖AD2727722777,皖AD27277,9,9,30.01,Yes,No
005_08_皖AD05163_皖AD05163.png,皖AD05163,皖AD05163055,皖AD05163,9,9,446.14,No,No
005_09_皖AD06691_皖AD06691.png,皖AD06691,皖AD0669105皖,皖AD06691,9,9,179.91,No,No
005_10_皖AD06582_皖AD06582.png,皖AD06582,皖AD06582065,皖AD06582,9,9,158.36,No,No
005_11_皖AF07388_皖AF07388.png,皖AF07388,皖AF0738877,皖AF07388,9,9,163.65,No,No
005_12_皖AD16688_皖AD16688.png,皖AD16688,皖AD16688165,皖AD16688,9,9,101.22,No,No
005_13_沪AFD9010_沪AFD9010.png,沪AFD9010,沪AFD901099B,沪AFD9010,9,9,1122.94,No,No
005_14_皖AD19906_皖AD19906.png,皖AD19906,皖AD199069皖,皖AD19906,9,9,25.73,Yes,No
005_15_皖AD07168_皖AD07168.png,皖AD07168,皖AD0716877,皖AD07168,9,9,284.79,No,No
005_16_皖AD07180_皖AD07180.png,皖AD07180,皖AD07180077皖,皖AD07180,9,9,97.47,Yes,No
005_17_皖ADT1011_皖ADT1011.png,皖ADT1011,皖ADT1011071,皖ADT1011,9,9,291.72,No,No
005_18_皖AD11011_皖AD11011.png,皖AD11011,皖AD110111111,皖AD11011,9,9,687.58,No,No
005_19_皖AD09506_皖AD09506.png,皖AD09506,皖AD095060皖皖,皖AD09506,9,9,226.8,No,No
005_20_皖AD08674_皖AD08674.png,皖AD08674,皖AD0867400皖,皖AD08674,9,9,199.34,No,No
005_21_皖AD16818_皖AD16818.png,皖AD16818,皖AD16818115,皖AD16818,9,9,160.08,No,No
005_22_皖AD09536_皖AD09536.png,皖AD09536,皖AD095360皖皖,皖AD09536,9,9,579.87,No,No
005_23_皖AD06565_皖AD06565.png,皖AD06565,皖AD06565065,皖AD06565,9,9,143.4,No,No
005_24_皖AD00028_皖AD00028.png,皖AD00028,皖AD00028022,皖AD00028,9,9,151.89,No,No
005_25_皖AD09583_皖AD09583.png,皖AD09583,皖AD0958355,皖AD09583,9,9,106.5,No,No
005_26_皖AF10000_皖AF10000.png,皖AF10000,皖AF10000000,皖AF10000,9,9,497.07,No,No
005_27_皖AD03156_皖AD03120.png,皖AD03156,皖AD03120033,皖AD03120,9,9,148.62,No,Yes
005_28_皖AD19555_皖AD19558.png,皖AD19555,皖AD19558055,皖AD19558,9,9,26.87,Yes,Yes
005_29_皖AD09819_皖AD09819.png,皖AD09819,皖AD0981900皖皖,皖AD09819,9,9,39.88,Yes,No
005_30_皖AD07096_皖AD07096.png,皖AD07096,皖AD07096077,皖AD07096,9,9,142.91,No,No
005_31_皖AD02166_皖AD02166.png,皖AD02166,皖AD02166022皖,皖AD02166,9,9,191.25,No,No
005_32_皖AD28785_皖AD28785.png,皖AD28785,皖AD2878522,皖AD28785,9,9,196.37,No,No
005_33_皖AF11777_皖AF11777.png,皖AF11777,皖AF1177777,皖AF11777,9,9,646.33,No,No
005_34_皖AD06026_皖AD06026.png,皖AD06026,皖AD06026062,皖AD06026,9,9,336.67,No,No
005_35_皖AF06788_皖AF06788.png,皖AF06788,皖AF067887皖,皖AF06788,9,9,219.61,No,No
005_36_皖AD09799_皖AD09799.png,皖AD09799,皖AD0979900皖,皖AD09799,9,9,399.0,No,No
005_37_皖AD09900_皖AD09900.png,皖AD09900,皖AD0990009皖,皖AD09900,9,9,100.9,No,No
005_38_皖AD19906_皖AD19906.png,皖AD19906,皖AD199069皖皖,皖AD19906,9,9,17.89,Yes,No
005_39_皖AD04090_皖AD04090.png,皖AD04090,皖AD0409000皖,皖AD04090,9,9,69.93,Yes,No
005_40_皖AD00916_皖AD00916.png,皖AD00916,皖AD0091600皖,皖AD00916,9,9,353.32,No,No
005_41_皖AD02514_皖AD02514.png,皖AD02514,皖AD02514027,皖AD02514,9,9,306.84,No,No
005_42_皖AD04588_皖AD04588.png,皖AD04588,皖AD045886皖,皖AD04588,9,9,157.2,No,No
005_43_皖AD07995_皖AD07995.png,皖AD07995,皖AD07995077,皖AD07995,9,9,167.97,No,No
005_44_皖AD05869_皖AD05869.png,皖AD05869,皖AD05869055,皖AD05869,9,9,130.05,No,No
005_45_皖AD06366_皖AD06366.png,皖AD06366,皖AD06366065,皖AD06366,9,9,226.98,No,No
005_46_皖AF06700_皖AF06700.png,皖AF06700,皖AF06700060,皖AF06700,9,9,1134.16,No,No
005_47_皖AD25123_皖AD25123.png,皖AD25123,皖AD2512322222,皖AD25123,9,9,731.31,No,No
005_48_皖AD06389_皖AD06389.png,皖AD06389,皖AD0638906皖,皖AD06389,9,9,565.79,No,No
005_49_皖AD06686_皖AD06686.png,皖AD06686,皖AD0668665,皖AD06686,9,9,705.36,No,No
005_50_皖AD22939_皖AD22939.png,皖AD22939,皖AD229392222,皖AD22939,9,9,64.75,Yes,No
005_51_皖AF07333_皖AF07333.png,皖AF07333,皖AF0733377,皖AF07333,9,9,258.5,No,No
005_52_皖AD00906_皖AD00906.png,皖AD00906,皖AD0090600皖,皖AD00906,9,9,227.92,No,No
005_53_皖ADT1026_皖ADT1026.png,皖ADT1026,皖ADT1026072,皖ADT1026,9,9,444.15,No,No
005_54_皖AD02588_皖AD02588.png,皖AD02588,皖AD02588022,皖AD02588,9,9,303.26,No,No
005_55_皖AF05900_皖AF05900.png,皖AF05900,皖AF0590005皖,皖AF05900,9,9,121.72,No,No
005_56_皖AD17988_皖AD17988.png,皖AD17988,皖AD179887皖,皖AD17988,9,9,596.12,No,No
005_57_皖ADT1011_皖ADT1011.png,皖ADT1011,皖ADT101171,皖ADT1011,9,9,50.51,Yes,No
005_58_皖AD26929_皖AD26929.png,皖AD26929,皖AD26929222,皖AD26929,9,9,68.5,Yes,No
005_59_皖AD09586_皖AD09586.png,皖AD09586,皖AD09586095,皖AD09586,9,9,302.86,No,No
005_60_皖AD05707_皖AD05707.png,皖AD05707,皖AD05707077,皖AD05707,9,9,575.69,No,No
005_61_皖AD06691_皖AD06691.png,皖AD06691,皖AD0669105皖,皖AD06691,9,9,704.62,No,No
005_62_皖AD06569_皖AD06569.png,皖AD06569,皖AD0656906皖,皖AD06569,9,9,244.07,No,No
005_63_皖AD06379_皖AD06379.png,皖AD06379,皖AD06379065,皖AD06379,9,9,333.24,No,No
006_00_皖AD15777_皖AD15779.png,皖AD15777,皖AD15779377,皖AD15779,9,9,89.72,Yes,Yes
006_01_皖AD39028_皖AD39028.png,皖AD39028,皖AD39028322,皖AD39028,9,9,242.87,No,No
006_02_皖AD02569_皖AD02569.png,皖AD02569,皖AD0256902皖,皖AD02569,9,9,203.08,No,No
006_03_皖AD09863_皖AD09863.png,皖AD09863,皖AD0986309皖,皖AD09863,9,9,256.71,No,No
006_04_皖AD23628_皖AD23628.png,皖AD23628,皖AD2362822222,皖AD23628,9,9,342.78,No,No
006_05_皖AD09595_皖AD09595.png,皖AD09595,皖AD0959500皖,皖AD09595,9,9,128.58,No,No
006_06_皖AD06363_皖AD06363.png,皖AD06363,皖AD0636365,皖AD06363,9,9,141.79,No,No
006_07_皖AF16668_皖AF16668.png,皖AF16668,皖AF16668165皖,皖AF16668,9,9,220.97,No,No
006_08_皖AD02444_皖AD02444.png,皖AD02444,皖AD02444027,皖AD02444,9,9,388.92,No,No
006_09_皖AD19919_皖AD19919.png,皖AD19919,皖AD1991919皖,皖AD19919,9,9,37.98,Yes,No
006_10_皖AD11000_皖AD11000.png,皖AD11000,皖AD1100017皖,皖AD11000,9,9,229.03,No,No
006_11_皖AD09963_皖AD09963.png,皖AD09963,皖AD0996300皖,皖AD09963,9,9,314.19,No,No
006_12_皖AD26989_皖AD26989.png,皖AD26989,皖AD26989222,皖AD26989,9,9,236.32,No,No
006_13_皖AD15566_皖AD15566.png,皖AD15566,皖AD15566555,皖AD15566,9,9,98.67,Yes,No
006_14_皖AD08212_皖AD08212.png,皖AD08212,皖AD08212022,皖AD08212,9,9,381.6,No,No
006_15_皖AD10208_皖AD10208.png,皖AD10208,皖AD10208112皖皖,皖AD10208,9,9,590.05,No,No
006_16_皖AD09161_皖AD09161.png,皖AD09161,皖AD09161皖皖,皖AD09161,9,9,533.72,No,No
006_17_皖AD09809_皖ADD9809.png,皖AD09809,皖ADD9809D9皖,皖ADD9809,9,9,279.06,No,Yes
006_18_皖AD08617_皖AD08617.png,皖AD08617,皖AD086170皖,皖AD08617,9,9,517.04,No,No
006_19_皖AD35322_皖AD35322.png,皖AD35322,皖AD3532233323,皖AD35322,9,9,108.68,No,No
006_20_皖AD09568_皖AD09568.png,皖AD09568,皖AD0956809皖,皖AD09568,9,9,17.73,Yes,No
006_21_皖AD06577_皖AD06577.png,皖AD06577,皖AD065775皖,皖AD06577,9,9,110.64,No,No
006_22_皖AD00856_皖AD00856.png,皖AD00856,皖AD00856000皖,皖AD00856,9,9,160.37,No,No
006_23_皖AD02241_皖AD02241.png,皖AD02241,皖AD02241022,皖AD02241,9,9,238.61,No,No
006_24_皖AD00115_皖AD00115.png,皖AD00115,皖AD00115000,皖AD00115,9,9,318.44,No,No
006_25_皖AD08715_皖AD08715.png,皖AD08715,皖AD0871500皖,皖AD08715,9,9,120.03,No,No
006_26_皖AD28776_皖AD28776.png,皖AD28776,皖AD28776227,皖AD28776,9,9,178.8,No,No
006_27_皖AD02241_皖AD02341.png,皖AD02241,皖AD02341022,皖AD02341,9,9,73.31,Yes,Yes
006_28_皖AF07000_皖AF07000.png,皖AF07000,皖AF070000770,皖AF07000,9,9,418.38,No,No
006_29_皖BD51270_粤AD51270.png,皖BD51270,粤AD5127077,粤AD51270,9,9,258.12,No,Yes
006_30_皖AD00518_皖AD00518.png,皖AD00518,皖AD005180005,皖AD00518,9,9,35.13,Yes,No
006_31_皖AF00168_皖AF00168.png,皖AF00168,皖AF0016800皖,皖AF00168,9,9,127.14,No,No
006_32_皖AD11888_皖AD11888.png,皖AD11888,皖AD11888111,皖AD11888,9,9,14.61,Yes,No
006_33_皖ADT0946_皖ADT0946.png,皖ADT0946,皖ADT094607皖,皖ADT0946,9,9,868.08,No,No
006_34_皖ADT1177_皖ADT1177.png,皖ADT1177,皖ADT117777,皖ADT1177,9,9,375.87,No,No
006_35_皖AD16936_皖AD16066.png,皖AD16936,皖AD1606655,皖AD16066,9,9,8.8,Yes,Yes
006_36_皖AD09855_皖AD09855.png,皖AD09855,皖AD0985500皖,皖AD09855,9,9,99.2,Yes,No
006_37_皖BD03352_皖BD03352.png,皖BD03352,皖BD03352002,皖BD03352,9,9,105.39,No,No
006_38_皖ADT0961_皖ADT0961.png,皖ADT0961,皖ADT096107,皖ADT0961,9,9,703.59,No,No
006_39_皖AD08779_皖AD08779.png,皖AD08779,皖AD0877900皖,皖AD08779,9,9,449.49,No,No
006_40_皖AD06755_皖AD06755.png,皖AD06755,皖AD06755065,皖AD06755,9,9,267.26,No,No
006_41_皖ADT1056_皖ADT1056.png,皖ADT1056,皖ADT105675,皖ADT1056,9,9,397.61,No,No
006_42_沪AF50733_沪AF50733.png,沪AF50733,沪AF507333733,沪AF50733,9,9,113.89,No,No
006_43_皖AD00188_皖AD00188.png,皖AD00188,皖AD0018800皖,皖AD00188,9,9,157.92,No,No
006_44_皖AD11818_皖AD11818.png,皖AD11818,皖AD118181111,皖AD11818,9,9,380.88,No,No
006_45_皖AD09811_皖AD09811.png,皖AD09811,皖AD0981100皖皖,皖AD09811,9,9,275.11,No,No
006_46_沪AF03739_沪AF07789.png,沪AF03739,沪AF0778933777,沪AF07789,9,9,88.39,Yes,Yes
006_47_皖MD15666_皖MD15666.png,皖MD15666,皖MD15666D66,皖MD15666,9,9,552.87,No,No
006_48_皖AD23068_皖AD23068.png,皖AD23068,皖AD2306827,皖AD23068,9,9,690.56,No,No
006_49_皖ADT0913_皖ADT0913.png,皖ADT0913,皖ADT091332772,皖ADT0913,9,9,379.34,No,No
006_50_皖AD02514_皖AD02514.png,皖AD02514,皖AD02514027,皖AD02514,9,9,83.19,Yes,No
006_51_皖AD03969_皖AD03969.png,皖AD03969,皖AD03969033,皖AD03969,9,9,326.42,No,No
006_52_皖AD11000_皖AD11000.png,皖AD11000,皖AD11000772,皖AD11000,9,9,92.59,Yes,No
006_53_皖AF07002_皖AF07002.png,皖AF07002,皖AF0700237777,皖AF07002,9,9,57.83,Yes,No
006_54_皖AD06569_皖AD08569.png,皖AD06569,皖AD0856905皖,皖AD08569,9,9,9.51,Yes,Yes
006_55_皖AD06578_皖AD06578.png,皖AD06578,皖AD06578皖皖,皖AD06578,9,9,332.0,No,No
006_56_皖AD09838_皖AD09838.png,皖AD09838,皖AD0983800皖,皖AD09838,9,9,276.86,No,No
006_57_皖AD01024_皖AD01024.png,皖AD01024,皖AD01024022,皖AD01024,9,9,417.18,No,No
006_58_皖AD10082_皖AD10082.png,皖AD10082,皖AD100825125,皖AD10082,9,9,583.05,No,No
006_59_皖AD09354_皖AD09354.png,皖AD09354,皖AD09354005,皖AD09354,9,9,117.39,No,No
006_60_皖AD04650_皖AD04650.png,皖AD04650,皖AD04650055,皖AD04650,9,9,729.62,No,No
006_61_皖AD06622_皖AD06622.png,皖AD06622,皖AD06622022,皖AD06622,9,9,395.94,No,No
006_62_皖AD06389_皖AD06389.png,皖AD06389,皖AD06389055,皖AD06389,9,9,108.69,No,No
006_63_皖AD06255_皖AD06255.png,皖AD06255,皖AD06255065,皖AD06255,9,9,131.15,No,No
007_00_皖AD07998_皖AD07998.png,皖AD07998,皖AD07998077,皖AD07998,9,9,35.94,Yes,No
007_01_皖AD02264_皖AD02264.png,皖AD02264,皖AD02264022,皖AD02264,9,9,86.56,Yes,No
007_02_皖AD03128_皖AD03128.png,皖AD03128,皖AD03128033,皖AD03128,9,9,270.71,No,No
007_03_皖ADT1436_皖ADT1436.png,皖ADT1436,皖ADT143675,皖ADT1436,9,9,220.65,No,No
007_04_皖AD01846_皖AD01846.png,皖AD01846,皖AD01846011,皖AD01846,9,9,95.83,Yes,No
007_05_皖ADT0912_皖ADT0912.png,皖ADT0912,皖ADT09120722,皖ADT0912,9,9,300.51,No,No
007_06_皖AD00863_皖AD00080.png,皖AD00863,皖AD00080007,皖AD00080,9,9,168.8,No,Yes
007_07_皖AD19535_皖AD19531.png,皖AD19535,皖AD1953155,皖AD19531,9,9,287.52,No,Yes
007_08_皖AD09533_皖AD09533.png,皖AD09533,皖AD0953355,皖AD09533,9,9,352.87,No,No
007_09_皖AD12821_皖AD12821.png,皖AD12821,皖AD1282122222,皖AD12821,9,9,748.03,No,No
007_10_皖AD04979_皖AD04979.png,皖AD04979,皖AD0497900皖,皖AD04979,9,9,117.49,No,No
007_11_皖AD08212_皖AD08212.png,皖AD08212,皖AD08212022,皖AD08212,9,9,524.56,No,No
007_12_皖AD02163_皖AD02163.png,皖AD02163,皖AD02163027,皖AD02163,9,9,86.15,Yes,No
007_13_皖AD02546_皖AD02546.png,皖AD02546,皖AD02546022,皖AD02546,9,9,629.3,No,No
007_14_皖AD03999_皖AD03999.png,皖AD03999,皖AD0399907皖,皖AD03999,9,9,309.32,No,No
007_15_皖AD00328_皖AD00328.png,皖AD00328,皖AD00328022,皖AD00328,9,9,329.85,No,No
007_16_皖AD07599_皖AD07599.png,皖AD07599,皖AD07599077,皖AD07599,9,9,353.5,No,No
007_17_皖AD09582_皖AD09582.png,皖AD09582,皖AD09582022,皖AD09582,9,9,185.79,No,No
007_18_皖AD07288_皖AD07288.png,皖AD07288,皖AD07288077,皖AD07288,9,9,21.31,Yes,No
007_19_皖AD08212_皖AD08212.png,皖AD08212,皖AD08212022,皖AD08212,9,9,504.12,No,No
007_20_皖AD08852_皖AD08852.png,皖AD08852,皖AD08852002,皖AD08852,9,9,300.61,No,No
007_21_皖AF00168_皖AF00168.png,皖AF00168,皖AF00168007,皖AF00168,9,9,175.27,No,No
007_22_皖AD29192_皖AD29192.png,皖AD29192,皖AD2919222222,皖AD29192,9,9,365.61,No,No
007_23_皖AD03128_皖AD03128.png,皖AD03128,皖AD03128033,皖AD03128,9,9,223.53,No,No
007_24_皖AD19199_皖AD19199.png,皖AD19199,皖AD191995皖,皖AD19199,9,9,883.04,No,No
007_25_皖AD00708_皖AD00708.png,皖AD00708,皖AD0070800皖,皖AD00708,9,9,436.0,No,No
007_26_皖AD22821_皖AD22821.png,皖AD22821,皖AD2282122222,皖AD22821,9,9,154.58,No,No
007_27_皖AD11000_皖AD11000.png,皖AD11000,皖AD1100011皖,皖AD11000,9,9,15.24,Yes,No
007_28_皖AD00360_皖AD00360.png,皖AD00360,皖AD00360002,皖AD00360,9,9,145.81,No,No
007_29_皖AD11011_皖AD11011.png,皖AD11011,皖AD11011111,皖AD11011,9,9,275.86,No,No
007_30_皖ADT0986_皖ADT0986.png,皖ADT0986,皖ADT098607皖,皖ADT0986,9,9,139.49,No,No
007_31_皖AD09633_皖AD09633.png,皖AD09633,皖AD096330皖皖,皖AD09633,9,9,240.71,No,No
007_32_皖AD18989_皖AD18989.png,皖AD18989,皖AD1898918皖,皖AD18989,9,9,322.41,No,No
007_33_皖ADT0955_皖ADT0955.png,皖ADT0955,皖ADT0955077,皖ADT0955,9,9,536.67,No,No
007_34_皖ND16333_皖A116333.png,皖ND16333,皖A11633333,皖A116333,9,9,310.84,No,Yes
007_35_皖AD09877_皖AD09877.png,皖AD09877,皖AD0987700皖,皖AD09877,9,9,213.6,No,No
007_36_皖AD06151_皖AD06151.png,皖AD06151,皖AD06151065,皖AD06151,9,9,466.69,No,No
007_37_皖AD06026_皖AD06028.png,皖AD06026,皖AD06028077,皖AD06028,9,9,194.54,No,Yes
007_38_皖AD03537_皖AD03537.png,皖AD03537,皖AD03537033,皖AD03537,9,9,458.21,No,No
007_39_皖AD22246_皖AD22246.png,皖AD22246,皖AD222462222,皖AD22246,9,9,395.32,No,No
007_40_皖AD00064_皖AD00064.png,皖AD00064,皖AD0006400皖,皖AD00064,9,9,241.92,No,No
007_41_皖AD03442_皖AD03442.png,皖AD03442,皖AD03442033,皖AD03442,9,9,71.91,Yes,No
007_42_皖AD09900_皖AD09900.png,皖AD09900,皖AD0990009皖,皖AD09900,9,9,486.47,No,No
007_43_皖AD02218_皖AD02218.png,皖AD02218,皖AD02218022,皖AD02218,9,9,137.25,No,No
007_44_皖AD16558_皖AD16558.png,皖AD16558,皖AD1655855,皖AD16558,9,9,304.71,No,No
007_45_皖AD21636_皖AD21636.png,皖AD21636,皖AD2163622,皖AD21636,9,9,81.59,Yes,No
007_46_皖AF00202_皖AF00202.png,皖AF00202,皖AF00202022,皖AF00202,9,9,59.13,Yes,No
007_47_皖AD16688_皖AD16688.png,皖AD16688,皖AD16688555,皖AD16688,9,9,315.59,No,No
007_48_皖AD07888_皖AD07448.png,皖AD07888,皖AD07448077,皖AD07448,9,9,212.29,No,Yes
007_49_皖AD29123_皖AD29123.png,皖AD29123,皖AD2912322222,皖AD29123,9,9,109.16,No,No
007_50_皖AD00335_皖AD00335.png,皖AD00335,皖AD0033500,皖AD00335,9,9,95.79,Yes,No
007_51_皖AD01439_皖AD01439.png,皖AD01439,皖AD014391皖,皖AD01439,9,9,213.75,No,No
007_52_皖AF10007_皖AF10007.png,皖AF10007,皖AF10007007,皖AF10007,9,9,265.23,No,No
007_53_皖AD08880_皖AD08880.png,皖AD08880,皖AD0888000皖,皖AD08880,9,9,1008.28,No,No
007_54_沪AF51766_沪AF51766.png,沪AF51766,沪AF517665775,沪AF51766,9,9,714.56,No,No
007_55_皖AD16655_皖AD16655.png,皖AD16655,皖AD16655555,皖AD16655,9,9,98.6,Yes,No
007_56_皖ADT1197_皖ADT1197.png,皖ADT1197,皖ADT1197077,皖ADT1197,9,9,246.35,No,No
007_57_皖ADT1120_皖ADT1120.png,皖ADT1120,皖ADT112072,皖ADT1120,9,9,348.06,No,No
007_58_皖AD09530_皖AD09530.png,皖AD09530,皖AD0953000皖,皖AD09530,9,9,164.44,No,No
007_59_皖AD07117_皖AD07117.png,皖AD07117,皖AD07117077皖,皖AD07117,9,9,182.11,No,No
007_60_皖AD19906_皖AD19906.png,皖AD19906,皖AD199065皖,皖AD19906,9,9,454.44,No,No
007_61_皖AD06809_皖AD08809.png,皖AD06809,皖AD0880900皖,皖AD08809,9,9,317.6,No,Yes
007_62_皖AD29951_皖AD29951.png,皖AD29951,皖AD299512222,皖AD29951,9,9,331.63,No,No
007_63_皖ADT1155_皖ADT1155.png,皖ADT1155,皖ADT115577,皖ADT1155,9,9,539.14,No,No
008_00_皖BD03352_皖BD03352.png,皖BD03352,皖BD03352037,皖BD03352,9,9,185.11,No,No
008_01_皖AD09991_皖AD09991.png,皖AD09991,皖AD0999109皖,皖AD09991,9,9,139.7,No,No
008_02_皖AD01679_皖AD01679.png,皖AD01679,皖AD0167900皖,皖AD01679,9,9,348.62,No,No
008_03_皖AD26799_皖AD26799.png,皖AD26799,皖AD26799222,皖AD26799,9,9,731.48,No,No
008_04_皖AD16688_皖AD16688.png,皖AD16688,皖AD16688155,皖AD16688,9,9,288.99,No,No
008_05_皖AD15566_皖AD15566.png,皖AD15566,皖AD15566555,皖AD15566,9,9,158.92,No,No
008_06_皖AD06151_皖AD06151.png,皖AD06151,皖AD06151065,皖AD06151,9,9,351.22,No,No
008_07_皖AF00166_皖AF00166.png,皖AF00166,皖AF001660005,皖AF00166,9,9,855.99,No,No
008_08_皖AD06809_皖AD06809.png,皖AD06809,皖AD068090皖皖,皖AD06809,9,9,421.05,No,No
008_09_皖AD27277_皖AD27277.png,皖AD27277,皖AD27277227,皖AD27277,9,9,785.71,No,No
008_10_皖AD07470_皖AD07470.png,皖AD07470,皖AD07470077,皖AD07470,9,9,415.74,No,No
008_11_皖AD03636_皖AD03636.png,皖AD03636,皖AD03636033,皖AD03636,9,9,541.75,No,No
008_12_皖AD04830_皖AD04830.png,皖AD04830,皖AD04830065,皖AD04830,9,9,199.13,No,No
008_13_皖AD07520_皖BD07520.png,皖AD07520,皖BD07520077,皖BD07520,9,9,412.82,No,Yes
008_14_皖AF09951_沪AF09951.png,皖AF09951,沪AF0995199,沪AF09951,9,9,437.85,No,Yes
008_15_皖AD35322_皖AD35322.png,皖AD35322,皖AD3532233323,皖AD35322,9,9,268.07,No,No
008_16_皖AF00288_皖AF00288.png,皖AF00288,皖AF00288022,皖AF00288,9,9,461.44,No,No
008_17_皖AD06575_皖AD06575.png,皖AD06575,皖AD06575065,皖AD06575,9,9,439.93,No,No
008_18_皖AD07664_皖AD07664.png,皖AD07664,皖AD07664075,皖AD07664,9,9,1018.9,No,No
008_19_皖AD19906_皖AD19509.png,皖AD19906,皖AD1950907皖,皖AD19509,9,9,12.18,Yes,Yes
008_20_皖AD02345_皖AD02345.png,皖AD02345,皖AD0234502皖,皖AD02345,9,9,336.63,No,No
008_21_皖AD11115_皖AD11115.png,皖AD11115,皖AD11115111,皖AD11115,9,9,288.55,No,No
008_22_皖AD19906_皖AD19906.png,皖AD19906,皖AD199069皖,皖AD19906,9,9,777.83,No,No
008_23_皖AD02241_皖AD02241.png,皖AD02241,皖AD022412皖,皖AD02241,9,9,105.66,No,No
008_24_皖AD04566_皖AD04566.png,皖AD04566,皖AD04566065,皖AD04566,9,9,601.69,No,No
008_25_皖AD00760_皖AD00760.png,皖AD00760,皖AD00760007,皖AD00760,9,9,359.36,No,No
008_26_皖AD10826_皖AD10826.png,皖AD10826,皖AD108261112,皖AD10826,9,9,465.46,No,No
008_27_皖AD09801_皖AD09801.png,皖AD09801,皖AD0980100皖,皖AD09801,9,9,318.46,No,No
008_28_皖AD05306_皖AD05306.png,皖AD05306,皖AD0530605皖皖,皖AD05306,9,9,329.0,No,No
008_29_皖AD23181_皖AD23181.png,皖AD23181,皖AD231813333,皖AD23181,9,9,37.3,Yes,No
008_30_皖AD08715_皖AD08715.png,皖AD08715,皖AD0871500皖,皖AD08715,9,9,247.43,No,No
008_31_皖AF06789_皖AF06789.png,皖AF06789,皖AF0678906皖,皖AF06789,9,9,561.18,No,No
008_32_皖AD08760_皖AD08760.png,皖AD08760,皖AD087600皖,皖AD08760,9,9,230.84,No,No
008_33_皖ADT1076_皖ADT1076.png,皖ADT1076,皖ADT107677,皖ADT1076,9,9,243.15,No,No
008_34_皖AD07598_皖AD07598.png,皖AD07598,皖AD0759807皖,皖AD07598,9,9,98.99,Yes,No
008_35_皖AD19979_皖AD19979.png,皖AD19979,皖AD1997919皖,皖AD19979,9,9,169.21,No,No
008_36_皖AD12346_皖AD12346.png,皖AD12346,皖AD12346525,皖AD12346,9,9,436.58,No,No
008_37_皖AD05902_皖AD05902.png,皖AD05902,皖AD05902052,皖AD05902,9,9,66.63,Yes,No
008_38_皖AD02281_皖AD02281.png,皖AD02281,皖AD0228122,皖AD02281,9,9,335.91,No,No
008_39_皖AD10208_皖AD10208.png,皖AD10208,皖AD10208122,皖AD10208,9,9,601.22,No,No
008_40_皖AD05995_皖AD05995.png,皖AD05995,皖AD05995055,皖AD05995,9,9,389.0,No,No
008_41_皖AD08027_皖AD08027.png,皖AD08027,皖AD08027002,皖AD08027,9,9,748.74,No,No
008_42_皖AD07098_皖AD07098.png,皖AD07098,皖AD07098077,皖AD07098,9,9,336.98,No,No
008_43_皖AD19979_皖AD19979.png,皖AD19979,皖AD1997919皖,皖AD19979,9,9,380.95,No,No
008_44_皖AD07619_皖AD07619.png,皖AD07619,皖AD07619077,皖AD07619,9,9,267.56,No,No
008_45_皖AD20235_皖AD20235.png,皖AD20235,皖AD202352222,皖AD20235,9,9,425.21,No,No
008_46_皖AD10208_皖AD10208.png,皖AD10208,皖AD1020812皖,皖AD10208,9,9,614.44,No,No
008_47_皖AD11105_皖AD11105.png,皖AD11105,皖AD1110511皖,皖AD11105,9,9,452.66,No,No
008_48_皖AD08501_皖AD08501.png,皖AD08501,皖AD0850100皖,皖AD08501,9,9,330.62,No,No
008_49_皖AD06389_皖AD06389.png,皖AD06389,皖AD06389055,皖AD06389,9,9,257.83,No,No
008_50_皖AD29123_皖AD29123.png,皖AD29123,皖AD2912322222,皖AD29123,9,9,386.4,No,No
008_51_皖AD04566_皖AD04566.png,皖AD04566,皖AD04566065,皖AD04566,9,9,160.14,No,No
008_52_皖AD05193_皖AD05193.png,皖AD05193,皖AD05193055,皖AD05193,9,9,448.13,No,No
008_53_皖AD04650_皖AD04550.png,皖AD04650,皖AD04550005,皖AD04550,9,9,290.35,No,Yes
008_54_皖AD29698_皖AD29698.png,皖AD29698,皖AD296982222,皖AD29698,9,9,467.02,No,No
008_55_皖AD09340_皖AD09340.png,皖AD09340,皖AD0934005皖,皖AD09340,9,9,281.6,No,No
008_56_皖ADT0902_皖ADT0902.png,皖ADT0902,皖ADT0902077,皖ADT0902,9,9,442.68,No,No
008_57_皖ADT1039_皖ADT1039.png,皖ADT1039,皖ADT103975,皖ADT1039,9,9,327.41,No,No
008_58_皖AD02188_皖AD02188.png,皖AD02188,皖AD02188022,皖AD02188,9,9,198.78,No,No
008_59_皖AD25955_皖AD25955.png,皖AD25955,皖AD259552255,皖AD25955,9,9,118.0,No,No
008_60_皖AD25855_皖AD25855.png,皖AD25855,皖AD258552222,皖AD25855,9,9,795.81,No,No
008_61_皖AD18686_皖AD18686.png,皖AD18686,皖AD18686155皖,皖AD18686,9,9,176.25,No,No
008_62_皖AD09757_沪AD09757.png,皖AD09757,沪AD09757077,沪AD09757,9,9,365.3,No,Yes
008_63_皖AD07470_皖AD07470.png,皖AD07470,皖AD07470077,皖AD07470,9,9,106.24,No,No
009_00_皖AD09593_皖AD09593.png,皖AD09593,皖AD0959300皖,皖AD09593,9,9,299.59,No,No
009_01_皖AD29192_皖AD29192.png,皖AD29192,皖AD2919222222,皖AD29192,9,9,142.28,No,No
009_02_皖AD02176_皖AD02176.png,皖AD02176,皖AD02176027,皖AD02176,9,9,72.23,Yes,No
009_03_皖AD01065_皖AD01065.png,皖AD01065,皖AD0106501皖,皖AD01065,9,9,358.28,No,No
009_04_皖AF19999_皖AF19999.png,皖AF19999,皖AF1999927,皖AF19999,9,9,192.38,No,No
009_05_皖AF07002_皖AF07002.png,皖AF07002,皖AF070020777,皖AF07002,9,9,138.44,No,No
009_06_皖HD01988_皖HD01988.png,皖HD01988,皖HD01988001皖皖,皖HD01988,9,9,529.49,No,No
009_07_皖AD01688_皖AD01688.png,皖AD01688,皖AD01688011皖,皖AD01688,9,9,105.12,No,No
009_08_皖ADT1060_皖ADT1060.png,皖ADT1060,皖ADT106077,皖ADT1060,9,9,316.87,No,No
009_09_皖AF07388_皖AF07387.png,皖AF07388,皖AF0738777,皖AF07387,9,9,48.75,Yes,Yes
009_10_皖ADT0983_皖ADT0983.png,皖ADT0983,皖ADT0983777,皖ADT0983,9,9,906.25,No,No
009_11_皖AD09676_皖AF19576.png,皖AD09676,皖AF19576777,皖AF19576,9,9,179.66,No,Yes
009_12_皖AD08898_皖AD08898.png,皖AD08898,皖AD0889800皖,皖AD08898,9,9,267.2,No,No
009_13_皖AD04566_皖AD04566.png,皖AD04566,皖AD0456665,皖AD04566,9,9,21.38,Yes,No
009_14_皖AD10826_皖AD10826.png,皖AD10826,皖AD10826122,皖AD10826,9,9,54.49,Yes,No
009_15_皖AD08262_皖AD08262.png,皖AD08262,皖AD08262022,皖AD08262,9,9,427.27,No,No
009_16_皖AD11105_皖AD11105.png,皖AD11105,皖AD1110511皖,皖AD11105,9,9,83.34,Yes,No
009_17_皖AD02163_皖AD02163.png,皖AD02163,皖AD02163022,皖AD02163,9,9,185.64,No,No
009_18_皖AD18899_皖AD18899.png,皖AD18899,皖AD18899111皖,皖AD18899,9,9,660.0,No,No
009_19_皖AD07166_皖AD07166.png,皖AD07166,皖AD0716677皖,皖AD07166,9,9,274.06,No,No
009_20_皖AF06585_皖AF06585.png,皖AF06585,皖AF06585065,皖AF06585,9,9,477.59,No,No
009_21_皖AD24858_皖AD24858.png,皖AD24858,皖AD24858222,皖AD24858,9,9,736.89,No,No
009_22_皖AF00166_皖AF00166.png,皖AF00166,皖AF0016600皖,皖AF00166,9,9,587.97,No,No
009_23_皖AD29951_沪AD29557.png,皖AD29951,沪AD29557377,沪AD29557,9,9,144.57,No,Yes
009_24_皖AD05482_皖AD05482.png,皖AD05482,皖AD05482022,皖AD05482,9,9,177.14,No,No
009_25_皖AD09699_皖AD09699.png,皖AD09699,皖AD0969909皖,皖AD09699,9,9,433.66,No,No
009_26_皖AD08640_皖AD08840.png,皖AD08640,皖AD08840000,皖AD08840,9,9,387.53,No,Yes
009_27_皖AD35168_皖AD35168.png,皖AD35168,皖AD351683337,皖AD35168,9,9,200.49,No,No
009_28_皖AD02518_皖AD02518.png,皖AD02518,皖AD02518022,皖AD02518,9,9,115.37,No,No
009_29_沪AF39829_沪AF59829.png,沪AF39829,沪AF59829372,沪AF59829,9,9,499.1,No,Yes
009_30_皖AD00000_皖AD00000.png,皖AD00000,皖AD00000000,皖AD00000,9,9,875.62,No,No
009_31_浙AF08969_皖AF08989.png,浙AF08969,皖AF08989095,皖AF08989,9,9,587.87,No,Yes
009_32_皖AD06255_皖AD06255.png,皖AD06255,皖AD06255055,皖AD06255,9,9,209.79,No,No
009_33_皖AD09809_皖AD09809.png,皖AD09809,皖AD0980909皖,皖AD09809,9,9,50.18,Yes,No
009_34_皖AD02190_皖AD02190.png,皖AD02190,皖AD02190022,皖AD02190,9,9,588.43,No,No
009_35_皖AD18898_皖AD18998.png,皖AD18898,皖AD18998025,皖AD18998,9,9,219.81,No,Yes
009_36_皖AD02955_皖AD02955.png,皖AD02955,皖AD02955022,皖AD02955,9,9,189.77,No,No
009_37_皖AD11555_皖AD11555.png,皖AD11555,皖AD11555115,皖AD11555,9,9,1142.11,No,No
009_38_皖AD28887_皖AD28887.png,皖AD28887,皖AD2888722222,皖AD28887,9,9,69.08,Yes,No
009_39_皖AD02690_皖AD02690.png,皖AD02690,皖AD02690020,皖AD02690,9,9,572.33,No,No
009_40_皖AD29956_皖AD29956.png,皖AD29956,皖AD299562222,皖AD29956,9,9,23.02,Yes,No
009_41_皖AD11011_皖AD11011.png,皖AD11011,皖AD110111111,皖AD11011,9,9,742.19,No,No
009_42_皖AD00155_皖AD00155.png,皖AD00155,皖AD001550000皖,皖AD00155,9,9,302.76,No,No
009_43_皖AF00268_皖AF00268.png,皖AF00268,皖AF00268022,皖AF00268,9,9,541.48,No,No
009_44_皖AD15998_皖AD15998.png,皖AD15998,皖AD159985555,皖AD15998,9,9,244.39,No,No
009_45_皖AD03774_皖AD03774.png,皖AD03774,皖AD03774037,皖AD03774,9,9,836.38,No,No
009_46_皖AD02518_皖AD02518.png,皖AD02518,皖AD02518022,皖AD02518,9,9,537.41,No,No
009_47_皖AF07388_皖AF07388.png,皖AF07388,皖AF0738877,皖AF07388,9,9,964.27,No,No
009_48_皖AD02559_皖AD02559.png,皖AD02559,皖AD02559022,皖AD02559,9,9,93.28,Yes,No
009_49_皖AF07388_皖AF07388.png,皖AF07388,皖AF0738877,皖AF07388,9,9,328.83,No,No
009_50_皖AD02438_皖AD02438.png,皖AD02438,皖AD02438022,皖AD02438,9,9,184.15,No,No
009_51_沪AF68971_沪AF68971.png,沪AF68971,沪AF6897177,沪AF68971,9,9,122.41,No,No
009_52_皖AD04810_皖AD04810.png,皖AD04810,皖AD04810000,皖AD04810,9,9,421.03,No,No
009_53_皖AD01388_皖AD01388.png,皖AD01388,皖AD013881皖,皖AD01388,9,9,452.19,No,No
009_54_皖ADT1496_皖ADT1496.png,皖ADT1496,皖ADT149607皖,皖ADT1496,9,9,190.75,No,No
009_55_皖AD01880_皖AD01880.png,皖AD01880,皖AD01880011,皖AD01880,9,9,251.93,No,No
009_56_皖AD04187_皖AD04187.png,皖AD04187,皖AD0418705皖,皖AD04187,9,9,486.63,No,No
009_57_皖AD22123_皖AD22123.png,皖AD22123,皖AD22123222,皖AD22123,9,9,538.93,No,No
009_58_皖AF07002_皖AF07002.png,皖AF07002,皖AF07002077,皖AF07002,9,9,301.2,No,No
009_59_皖AD00042_皖AD00042.png,皖AD00042,皖AD00042002,皖AD00042,9,9,54.09,Yes,No
009_60_皖AD06918_皖AD06918.png,皖AD06918,皖AD069186皖,皖AD06918,9,9,1000.55,No,No
009_61_皖ADT1499_皖ADT1498.png,皖ADT1499,皖ADT149872,皖ADT1498,9,9,368.78,No,Yes
009_62_皖AD09526_皖AD09536.png,皖AD09526,皖AD09536055,皖AD09536,9,9,301.01,No,Yes
009_63_皖AD11105_皖AD11105.png,皖AD11105,皖AD11105115,皖AD11105,9,9,128.89,No,No
010_00_皖AD25955_皖AD15035.png,皖AD25955,皖AD15035055,皖AD15035,9,9,69.7,Yes,Yes
010_01_皖AD12368_皖AD12368.png,皖AD12368,皖AD1236825,皖AD12368,9,9,1135.94,No,No
010_02_皖AD01530_皖AD01530.png,皖AD01530,皖AD0153000皖,皖AD01530,9,9,409.95,No,No
010_03_皖AD02104_皖AD02104.png,皖AD02104,皖AD02104027,皖AD02104,9,9,407.28,No,No
010_04_皖AD10082_皖AD10082.png,皖AD10082,皖AD10082022,皖AD10082,9,9,407.97,No,No
010_05_皖AD02955_皖AD02955.png,皖AD02955,皖AD02955022,皖AD02955,9,9,230.67,No,No
010_06_皖AD02404_皖AD02404.png,皖AD02404,皖AD02404022,皖AD02404,9,9,230.57,No,No
010_07_皖AD01065_皖AD01065.png,皖AD01065,皖AD01065015皖,皖AD01065,9,9,354.51,No,No
010_08_皖AD07995_皖AD07995.png,皖AD07995,皖AD07995077,皖AD07995,9,9,360.11,No,No
010_09_皖ADT1073_皖ADT1073.png,皖ADT1073,皖ADT1073777,皖ADT1073,9,9,684.22,No,No
010_10_皖AD19986_皖AD19986.png,皖AD19986,皖AD199865皖,皖AD19986,9,9,23.73,Yes,No
010_11_皖AD02563_皖AD02563.png,皖AD02563,皖AD02563022,皖AD02563,9,9,98.56,Yes,No
010_12_皖AD08881_皖AD08881.png,皖AD08881,皖AD088810皖,皖AD08881,9,9,45.92,Yes,No
010_13_沪AF32059_沪AF30059.png,沪AF32059,沪AF3005933273,沪AF30059,9,9,577.15,No,Yes
010_14_皖AD08881_皖AD08881.png,皖AD08881,皖AD0888100皖,皖AD08881,9,9,57.83,Yes,No
010_15_苏AF10203_皖AD10203.png,苏AF10203,皖AD102030177皖,皖AD10203,9,9,116.13,No,Yes
010_16_皖AD16688_皖AD16688.png,皖AD16688,皖AD16688055,皖AD16688,9,9,324.31,No,No
010_17_皖AD16655_皖AD16655.png,皖AD16655,皖AD16655555,皖AD16655,9,9,190.15,No,No
010_18_皖AD03600_皖AD03600.png,皖AD03600,皖AD03600077,皖AD03600,9,9,865.53,No,No
010_19_皖AD03442_皖AD03442.png,皖AD03442,皖AD03442033,皖AD03442,9,9,201.92,No,No
010_20_皖ADT1056_皖ADT1056.png,皖ADT1056,皖ADT105675,皖ADT1056,9,9,392.48,No,No
010_21_皖AD07478_皖AD07478.png,皖AD07478,皖AD0747877,皖AD07478,9,9,122.34,No,No
010_22_皖KD16886_皖AD16886.png,皖KD16886,皖AD16886166,皖AD16886,9,9,875.56,No,Yes
010_23_皖AD06508_皖AD06508.png,皖AD06508,皖AD0650805皖,皖AD06508,9,9,91.58,Yes,No
010_24_皖AD06151_皖AD06151.png,皖AD06151,皖AD06151065,皖AD06151,9,9,414.02,No,No
010_25_皖AD03736_皖BD03736.png,皖AD03736,皖BD03736077,皖BD03736,9,9,934.71,No,Yes
010_26_皖AF07000_皖AF07000.png,皖AF07000,皖AF07000077,皖AF07000,9,9,774.85,No,No
010_27_皖AD19666_皖AD19666.png,皖AD19666,皖AD1966666,皖AD19666,9,9,571.2,No,No
010_28_皖AF06585_皖AF06585.png,皖AF06585,皖AF06585065,皖AF06585,9,9,1080.99,No,No
010_29_皖AD15998_皖AD15998.png,皖AD15998,皖AD15998555,皖AD15998,9,9,137.8,No,No
010_30_皖ADT1060_皖ADT1060.png,皖ADT1060,皖ADT106015,皖ADT1060,9,9,678.19,No,No
010_31_皖AD09521_皖AD09521.png,皖AD09521,皖AD09521002,皖AD09521,9,9,491.53,No,No
010_32_皖AD06469_皖AD26469.png,皖AD06469,皖AD26469355,皖AD26469,9,9,75.02,Yes,Yes
010_33_皖AD03877_皖AD03877.png,皖AD03877,皖AD03877033,皖AD03877,9,9,261.9,No,No
010_34_皖AD00518_皖AD00518.png,皖AD00518,皖AD00518000皖,皖AD00518,9,9,350.97,No,No
010_35_皖AD02528_皖AD00978.png,皖AD02528,皖AD00978007,皖AD00978,9,9,7.59,Yes,Yes
010_36_皖AF07388_皖AF07388.png,皖AF07388,皖AF0738877,皖AF07388,9,9,708.8,No,No
010_37_皖ADT1060_皖ADT1060.png,皖ADT1060,皖ADT106077,皖ADT1060,9,9,410.36,No,No
010_38_皖AD28992_皖AD28992.png,皖AD28992,皖AD2899222222,皖AD28992,9,9,380.26,No,No
010_39_皖ADT1450_皖AD01371.png,皖ADT1450,皖AD013713333,皖AD01371,9,9,235.18,No,Yes
010_40_皖AD05155_皖AD05155.png,皖AD05155,皖AD05155055皖,皖AD05155,9,9,92.2,Yes,No
010_41_皖AD19986_皖AD19986.png,皖AD19986,皖AD1998655皖,皖AD19986,9,9,775.51,No,No
010_42_皖AD02539_皖AD02539.png,皖AD02539,皖AD02539022,皖AD02539,9,9,463.99,No,No
010_43_皖AD09811_皖AD09817.png,皖AD09811,皖AD09817007皖,皖AD09817,9,9,405.2,No,Yes
010_44_皖AD16558_皖AD16558.png,皖AD16558,皖AD165585皖,皖AD16558,9,9,570.88,No,No
010_45_皖AD05064_皖AD05064.png,皖AD05064,皖AD05064055,皖AD05064,9,9,79.62,Yes,No
010_46_皖AD00863_皖AD00865.png,皖AD00863,皖AD008650007,皖AD00865,9,9,464.17,No,Yes
010_47_皖AD11815_皖AD11815.png,皖AD11815,皖AD11815111,皖AD11815,9,9,781.69,No,No
010_48_皖AD16088_皖AD16008.png,皖AD16088,皖AD1600855,皖AD16008,9,9,417.41,No,Yes
010_49_皖AF00126_皖AF00176.png,皖AF00126,皖AF00176005,皖AF00176,9,9,551.64,No,Yes
010_50_皖AD08527_皖AD08527.png,皖AD08527,皖AD08527002,皖AD08527,9,9,257.32,No,No
010_51_皖AD02465_皖AD02465.png,皖AD02465,皖AD02465025,皖AD02465,9,9,65.02,Yes,No
010_52_皖AD11000_皖AD11000.png,皖AD11000,皖AD1100075,皖AD11000,9,9,35.7,Yes,No
010_53_皖AD47789_皖AD17789.png,皖AD47789,皖AD177897皖,皖AD17789,9,9,145.14,No,Yes
010_54_皖AD01599_皖AD01599.png,皖AD01599,皖AD0159901皖,皖AD01599,9,9,474.97,No,No
010_55_皖AD07090_皖AD07090.png,皖AD07090,皖AD07090077皖,皖AD07090,9,9,135.55,No,No
010_56_皖AD08288_皖AD08286.png,皖AD08288,皖AD08286022,皖AD08286,9,9,86.67,Yes,Yes
010_57_皖ADT1183_皖ADT1183.png,皖ADT1183,皖ADT118372,皖ADT1183,9,9,208.93,No,No
010_58_皖AD06660_皖AD06660.png,皖AD06660,皖AD06660065,皖AD06660,9,9,507.64,No,No
010_59_皖AD04090_皖AD04090.png,皖AD04090,皖AD0409005皖,皖AD04090,9,9,399.77,No,No
010_60_皖AD25363_皖AD25363.png,皖AD25363,皖AD253632223,皖AD25363,9,9,65.59,Yes,No
010_61_皖ADT0942_皖ADT0942.png,皖ADT0942,皖ADT094277,皖ADT0942,9,9,155.57,No,No
010_62_皖AD00169_皖AD00169.png,皖AD00169,皖AD0016900皖,皖AD00169,9,9,338.57,No,No
010_63_皖AD06558_皖AD06558.png,皖AD06558,皖AD06558065,皖AD06558,9,9,188.6,No,No
011_00_皖AD03691_皖AD03891.png,皖AD03691,皖AD03891033,皖AD03891,9,9,210.68,No,Yes
011_01_皖AD06781_皖AD06781.png,皖AD06781,皖AD067816皖,皖AD06781,9,9,470.81,No,No
011_02_皖AD06294_皖AD06294.png,皖AD06294,皖AD06294065,皖AD06294,9,9,405.17,No,No
011_03_皖AD06305_皖AD06305.png,皖AD06305,皖AD06305055,皖AD06305,9,9,61.5,Yes,No
011_04_皖AD09760_皖AD09760.png,皖AD09760,皖AD097607皖,皖AD09760,9,9,361.02,No,No
011_05_皖AD27277_皖AD27277.png,皖AD27277,皖AD2727722777,皖AD27277,9,9,85.78,Yes,No
011_06_皖AF07399_皖AF07399.png,皖AF07399,皖AF07399077,皖AF07399,9,9,178.34,No,No
011_07_皖AD02898_皖AD02898.png,皖AD02898,皖AD02898022,皖AD02898,9,9,383.69,No,No
011_08_皖AD46788_皖AD46788.png,皖AD46788,皖AD4678855,皖AD46788,9,9,512.98,No,No
011_09_皖AD00936_皖AD00936.png,皖AD00936,皖AD00936002,皖AD00936,9,9,140.43,No,No
011_10_皖AF00268_皖AF00268.png,皖AF00268,皖AF00268022,皖AF00268,9,9,772.28,No,No
011_11_皖AD09522_皖AD09522.png,皖AD09522,皖AD09522002,皖AD09522,9,9,16.16,Yes,No
011_12_皖AD12821_皖AD10021.png,皖AD12821,皖AD10021122,皖AD10021,9,9,15.52,Yes,Yes
011_13_皖AF00202_皖AF00202.png,皖AF00202,皖AF0020200022,皖AF00202,9,9,45.18,Yes,No
011_14_苏BF01800_皖BF01800.png,苏BF01800,皖BF01800077,皖BF01800,9,9,584.21,No,Yes
011_15_皖AD00136_皖AD00136.png,皖AD00136,皖AD00136005,皖AD00136,9,9,748.98,No,No
011_16_皖AD06790_皖AD06790.png,皖AD06790,皖AD0679006皖,皖AD06790,9,9,493.05,No,No
011_17_皖AD20621_皖AD20621.png,皖AD20621,皖AD2062122222,皖AD20621,9,9,36.22,Yes,No
011_18_皖AD10718_皖AD10718.png,皖AD10718,皖AD107180皖,皖AD10718,9,9,452.33,No,No
011_19_皖AD19818_皖AD19818.png,皖AD19818,皖AD19818151,皖AD19818,9,9,174.9,No,No
011_20_皖AD03671_皖AD03671.png,皖AD03671,皖AD03671033,皖AD03671,9,9,56.13,Yes,No
011_21_皖AD07086_皖AD07086.png,皖AD07086,皖AD07086077,皖AD07086,9,9,189.78,No,No
011_22_皖AF11119_皖AF11119.png,皖AF11119,皖AF11119117,皖AF11119,9,9,323.39,No,No
011_23_皖AF00768_皖AF00768.png,皖AF00768,皖AF00768077,皖AF00768,9,9,49.74,Yes,No
011_24_皖AD04518_皖AD04518.png,皖AD04518,皖AD045185皖,皖AD04518,9,9,163.94,No,No
011_25_皖AF00250_皖AF00250.png,皖AF00250,皖AF00250002,皖AF00250,9,9,274.53,No,No
011_26_皖AD02412_皖AD02412.png,皖AD02412,皖AD024120222,皖AD02412,9,9,79.31,Yes,No
011_27_皖AD25955_皖AD25955.png,皖AD25955,皖AD259552222,皖AD25955,9,9,101.12,No,No
011_28_皖AD05320_皖AD05320.png,皖AD05320,皖AD05320052,皖AD05320,9,9,282.35,No,No
011_29_皖AD06889_皖AD06889.png,皖AD06889,皖AD0688900皖,皖AD06889,9,9,58.18,Yes,No
011_30_皖AD00518_皖AD00518.png,皖AD00518,皖AD00518005,皖AD00518,9,9,343.71,No,No
011_31_皖AD04566_皖AD04566.png,皖AD04566,皖AD0456665,皖AD04566,9,9,809.14,No,No
011_32_皖AF11119_皖AF11119.png,皖AF11119,皖AF11119111,皖AF11119,9,9,226.34,No,No
011_33_皖AD09669_皖AD09669.png,皖AD09669,皖AD0966909皖,皖AD09669,9,9,108.29,No,No
011_34_皖AD09220_皖AD09220.png,皖AD09220,皖AD09220022,皖AD09220,9,9,619.01,No,No
011_35_皖AF16888_皖AF16888.png,皖AF16888,皖AF168881771,皖AF16888,9,9,77.97,Yes,No
011_36_皖AF11777_皖AF11777.png,皖AF11777,皖AF1177777,皖AF11777,9,9,286.83,No,No
011_37_皖AD04224_皖AD04224.png,皖AD04224,皖AD04224022,皖AD04224,9,9,168.12,No,No
011_38_皖AD08809_皖AD08809.png,皖AD08809,皖AD0880900皖,皖AD08809,9,9,114.03,No,No
011_39_苏AD12111_皖AD12111.png,苏AD12111,皖AD12111121,皖AD12111,9,9,99.14,Yes,Yes
011_40_皖AD00863_皖AD00863.png,皖AD00863,皖AD00863002,皖AD00863,9,9,19.2,Yes,No
011_41_皖AD02138_皖AD02138.png,皖AD02138,皖AD02138022,皖AD02138,9,9,247.44,No,No
011_42_皖AD05869_皖AD05869.png,皖AD05869,皖AD0586905皖,皖AD05869,9,9,620.47,No,No
011_43_皖AD16609_皖AD16609.png,皖AD16609,皖AD166095皖,皖AD16609,9,9,500.61,No,No
011_44_苏AF07102_皖AF07102.png,苏AF07102,皖AF071020777,皖AF07102,9,9,213.38,No,Yes
011_45_皖AD05869_皖AD05869.png,皖AD05869,皖AD0586905皖,皖AD05869,9,9,328.27,No,No
011_46_皖AD17188_皖AD17188.png,皖AD17188,皖AD17188175,皖AD17188,9,9,568.85,No,No
011_47_皖AD09521_皖AD09521.png,皖AD09521,皖AD09521002,皖AD09521,9,9,209.72,No,No
011_48_皖ADT1187_皖ADT1187.png,皖ADT1187,皖ADT118777,皖ADT1187,9,9,648.72,No,No
011_49_苏CD02023_苏CD02023.png,苏CD02023,苏CD02023022,苏CD02023,9,9,277.32,No,No
011_50_皖AD18989_皖AD18989.png,皖AD18989,皖AD1898918皖,皖AD18989,9,9,455.2,No,No
011_51_皖AD08889_皖AD08889.png,皖AD08889,皖AD0888900皖,皖AD08889,9,9,341.51,No,No
011_52_皖AD02101_皖AD02101.png,皖AD02101,皖AD02101022皖,皖AD02101,9,9,82.64,Yes,No
011_53_皖AD29878_皖AD29878.png,皖AD29878,皖AD2987822,皖AD29878,9,9,177.42,No,No
011_54_皖AD21696_皖AD21696.png,皖AD21696,皖AD21696225,皖AD21696,9,9,501.67,No,No
011_55_皖AD07598_皖AD07598.png,皖AD07598,皖AD07598077,皖AD07598,9,9,50.73,Yes,No
011_56_皖AD15566_皖AD15566.png,皖AD15566,皖AD15566556,皖AD15566,9,9,227.23,No,No
011_57_皖AF00211_皖AF00211.png,皖AF00211,皖AF002110022,皖AF00211,9,9,371.96,No,No
011_58_皖AD09511_皖AD09511.png,皖AD09511,皖AD0951100皖,皖AD09511,9,9,165.62,No,No
011_59_沪AD07225_沪AD07225.png,沪AD07225,沪AD07225077,沪AD07225,9,9,269.51,No,No
011_60_皖AD07040_皖AD07040.png,皖AD07040,皖AD07040077皖,皖AD07040,9,9,81.33,Yes,No
011_61_皖ADT0952_皖ADT0952.png,皖ADT0952,皖ADT0952077,皖ADT0952,9,9,122.51,No,No
011_62_皖AD08885_皖AD08885.png,皖AD08885,皖AD0888500皖,皖AD08885,9,9,315.57,No,No
011_63_皖AD09988_皖AD09988.png,皖AD09988,皖AD0998809皖皖,皖AD09988,9,9,251.34,No,No
012_00_皖AD07864_皖AD07864.png,皖AD07864,皖AD07864077,皖AD07864,9,9,311.42,No,No
012_01_皖AF18899_皖AF18899.png,皖AF18899,皖AF188993811,皖AF18899,9,9,298.31,No,No
012_02_皖AD01439_皖AD01439.png,皖AD01439,皖AD014395皖,皖AD01439,9,9,150.48,No,No
012_03_皖AD09517_皖AD09517.png,皖AD09517,皖AD0951700皖皖,皖AD09517,9,9,36.26,Yes,No
012_04_沪AF63637_沪AF63637.png,沪AF63637,沪AF636373333,沪AF63637,9,9,501.79,No,No
012_05_皖AD33265_皖AD33265.png,皖AD33265,皖AD3326533333,皖AD33265,9,9,65.47,Yes,No
012_06_皖AD08562_皖AD08562.png,皖AD08562,皖AD08562002,皖AD08562,9,9,451.64,No,No
012_07_皖ADT1405_皖ADT1405.png,皖ADT1405,皖ADT140577,皖ADT1405,9,9,125.33,No,No
012_08_皖AD33265_皖AD33265.png,皖AD33265,皖AD332653333,皖AD33265,9,9,790.77,No,No
012_09_皖AD08379_皖AD08379.png,皖AD08379,皖AD0837900皖,皖AD08379,9,9,316.75,No,No
012_10_皖AD20909_皖AD20909.png,皖AD20909,皖AD2090922,皖AD20909,9,9,140.53,No,No
012_11_皖AD11558_皖AD11558.png,皖AD11558,皖AD1155855,皖AD11558,9,9,379.03,No,No
012_12_皖AD09592_皖AD09592.png,皖AD09592,皖AD09592002,皖AD09592,9,9,344.88,No,No
012_13_皖AD07440_皖AD07440.png,皖AD07440,皖AD07440077,皖AD07440,9,9,365.93,No,No
012_14_皖AD08562_皖AD08562.png,皖AD08562,皖AD08562022,皖AD08562,9,9,496.83,No,No
012_15_皖AD15898_皖AD15898.png,皖AD15898,皖AD1589855皖,皖AD15898,9,9,194.9,No,No
012_16_皖AF00202_皖AF00202.png,皖AF00202,皖AF002020222,皖AF00202,9,9,535.6,No,No
012_17_皖AD12315_皖AD12315.png,皖AD12315,皖AD12315125,皖AD12315,9,9,417.32,No,No
012_18_皖AD02771_皖AD02771.png,皖AD02771,皖AD02771077,皖AD02771,9,9,288.64,No,No
012_19_皖AD06150_皖AD06150.png,皖AD06150,皖AD06150000,皖AD06150,9,9,220.89,No,No
012_20_皖AD08613_皖AD08613.png,皖AD08613,皖AD08613003,皖AD08613,9,9,130.84,No,No
012_21_皖NF06555_皖AF06555.png,皖NF06555,皖AF06555065,皖AF06555,9,9,188.02,No,Yes
012_22_皖AF07089_皖AF07089.png,皖AF07089,皖AF07089077,皖AF07089,9,9,386.1,No,No
012_23_皖AF05958_皖AF05958.png,皖AF05958,皖AF05958555,皖AF05958,9,9,493.22,No,No
012_24_皖AD02437_皖AD02437.png,皖AD02437,皖AD02437023,皖AD02437,9,9,276.69,No,No
012_25_皖DD00507_皖AD00507.png,皖DD00507,皖AD0050700,皖AD00507,9,9,228.91,No,Yes
012_26_皖AD09578_皖AD09578.png,皖AD09578,皖AD09578皖皖,皖AD09578,9,9,164.31,No,No
012_27_皖AD00331_苏AD00331.png,皖AD00331,苏AD0033122,苏AD00331,9,9,637.26,No,Yes
012_28_浙AF66790_皖AF66798.png,浙AF66790,皖AF6679865,皖AF66798,9,9,150.52,No,Yes
012_29_皖AD05680_皖AD05660.png,皖AD05680,皖AD0566005皖,皖AD05660,9,9,32.01,Yes,Yes
012_30_皖AD03068_皖AD03068.png,皖AD03068,皖AD03068037,皖AD03068,9,9,258.59,No,No
012_31_皖AD02821_皖AD02821.png,皖AD02821,皖AD0282100222,皖AD02821,9,9,188.84,No,No
012_32_皖AD22123_皖AD22123.png,皖AD22123,皖AD2212322222,皖AD22123,9,9,80.79,Yes,No
012_33_皖AF06788_皖AF06788.png,皖AF06788,皖AF067886皖,皖AF06788,9,9,676.3,No,No
012_34_皖AD10188_皖AD10188.png,皖AD10188,皖AD1018811111,皖AD10188,9,9,119.33,No,No
012_35_皖AD03877_皖AD03877.png,皖AD03877,皖AD03877037,皖AD03877,9,9,738.58,No,No
012_36_皖AD09650_皖AD09650.png,皖AD09650,皖AD0965005皖,皖AD09650,9,9,654.97,No,No
012_37_皖AD01605_皖AD01605.png,皖AD01605,皖AD01605055,皖AD01605,9,9,383.8,No,No
012_38_皖AD02829_皖AD02829.png,皖AD02829,皖AD028290022,皖AD02829,9,9,181.19,No,No
012_39_皖AD23068_皖AD23068.png,皖AD23068,皖AD2306837,皖AD23068,9,9,238.52,No,No
012_40_皖AD11000_皖AD11000.png,皖AD11000,皖AD1100011皖,皖AD11000,9,9,397.84,No,No
012_41_皖AF18118_皖AF18118.png,皖AF18118,皖AF18118111,皖AF18118,9,9,823.83,No,No
012_42_皖AD02514_皖AD03518.png,皖AD02514,皖AD03518055,皖AD03518,9,9,1054.12,No,Yes
012_43_皖AD19908_皖AD19908.png,皖AD19908,皖AD199085皖,皖AD19908,9,9,58.08,Yes,No
012_44_皖AD09814_皖AD09814.png,皖AD09814,皖AD098140皖皖,皖AD09814,9,9,371.91,No,No
012_45_皖AD02404_皖AD02404.png,皖AD02404,皖AD0240402皖,皖AD02404,9,9,347.04,No,No
012_46_皖AD02549_皖AD02549.png,皖AD02549,皖AD02549022,皖AD02549,9,9,188.92,No,No
012_47_皖AD29088_皖AD29088.png,皖AD29088,皖AD2908822222,皖AD29088,9,9,105.36,No,No
012_48_浙BF10006_皖BF10006.png,浙BF10006,皖BF1000677,皖BF10006,9,9,621.63,No,Yes
012_49_皖AD09991_皖AD09991.png,皖AD09991,皖AD0999109皖,皖AD09991,9,9,338.83,No,No
012_50_皖AF00229_皖AF00229.png,皖AF00229,皖AF002290222,皖AF00229,9,9,262.18,No,No
012_51_皖AD16661_皖AD16661.png,皖AD16661,皖AD16661165,皖AD16661,9,9,150.79,No,No
012_52_皖AD35778_皖AD35778.png,皖AD35778,皖AD357783333,皖AD35778,9,9,369.65,No,No
012_53_皖AF18886_皖AF18886.png,皖AF18886,皖AF18886117,皖AF18886,9,9,497.27,No,No
012_54_皖AD00080_皖AD00080.png,皖AD00080,皖AD00080002,皖AD00080,9,9,204.76,No,No
012_55_皖AD05799_皖AD05799.png,皖AD05799,皖AD0579905皖,皖AD05799,9,9,333.55,No,No
012_56_沪AFE2060_沪AFE2060.png,沪AFE2060,沪AFE20603223,沪AFE2060,9,9,352.62,No,No
012_57_皖AD09161_皖AD09161.png,皖AD09161,皖AD091619皖,皖AD09161,9,9,553.57,No,No
012_58_皖AD35322_皖AD35322.png,皖AD35322,皖AD3532233323,皖AD35322,9,9,898.45,No,No
012_59_皖AD16688_皖AD16688.png,皖AD16688,皖AD16688155,皖AD16688,9,9,600.3,No,No
012_60_皖AD11000_皖AD11000.png,皖AD11000,皖AD1100011皖,皖AD11000,9,9,249.85,No,No
012_61_皖AD02170_皖AD02170.png,皖AD02170,皖AD02170022,皖AD02170,9,9,93.7,Yes,No
012_62_皖AD01769_皖AD01769.png,皖AD01769,皖AD017695皖,皖AD01769,9,9,189.03,No,No
012_63_皖AF07002_皖AF07002.png,皖AF07002,皖AF0700207777,皖AF07002,9,9,320.65,No,No
013_00_皖ADT0918_皖ADT0918.png,皖ADT0918,皖ADT09180皖皖,皖ADT0918,9,9,453.42,No,No
013_01_皖AD01980_皖AD01980.png,皖AD01980,皖AD019800000皖,皖AD01980,9,9,482.35,No,No
013_02_皖AF16696_皖AF16696.png,皖AF16696,皖AF16696565,皖AF16696,9,9,906.95,No,No
013_03_皖AD03530_皖AD03530.png,皖AD03530,皖AD03530033,皖AD03530,9,9,294.21,No,No
013_04_皖AD08779_皖AD08779.png,皖AD08779,皖AD087790皖,皖AD08779,9,9,119.59,No,No
013_05_皖AD10002_皖AD10002.png,皖AD10002,皖AD100020022,皖AD10002,9,9,518.45,No,No
013_06_皖AD09122_皖AD09122.png,皖AD09122,皖AD09122022,皖AD09122,9,9,158.1,No,No
013_07_皖AD02829_皖AD02829.png,皖AD02829,皖AD028290022,皖AD02829,9,9,287.69,No,No
013_08_皖AD03283_皖AD03283.png,皖AD03283,皖AD03283033,皖AD03283,9,9,297.39,No,No
013_09_皖AD07454_皖AD07059.png,皖AD07454,皖AD07059075,皖AD07059,9,9,359.33,No,Yes
013_10_皖AD01361_皖AD01361.png,皖AD01361,皖AD01361015,皖AD01361,9,9,748.4,No,No
013_11_皖AD08808_皖AD08808.png,皖AD08808,皖AD0880800皖,皖AD08808,9,9,336.39,No,No
013_12_皖AD07864_皖AD07864.png,皖AD07864,皖AD07864077,皖AD07864,9,9,408.7,No,No
013_13_皖AD47792_皖AD47792.png,皖AD47792,皖AD4779277,皖AD47792,9,9,106.02,No,No
013_14_皖AD02961_皖AD02961.png,皖AD02961,皖AD02961022,皖AD02961,9,9,213.24,No,No
013_15_皖AD12346_皖AD12346.png,皖AD12346,皖AD12346525皖,皖AD12346,9,9,688.4,No,No
013_16_皖AD00162_皖AD00162.png,皖AD00162,皖AD0016200022,皖AD00162,9,9,582.62,No,No
013_17_皖AD15666_皖AD15666.png,皖AD15666,皖AD156665556,皖AD15666,9,9,609.14,No,No
013_18_皖AD03660_皖AD03660.png,皖AD03660,皖AD03660035,皖AD03660,9,9,286.22,No,No
013_19_皖AD38892_皖AD38892.png,皖AD38892,皖AD3889233333,皖AD38892,9,9,68.95,Yes,No
013_20_浙BF10006_皖BF10006.png,浙BF10006,皖BF10006077,皖BF10006,9,9,1040.9,No,Yes
013_21_皖AD01987_皖AD01987.png,皖AD01987,皖AD0198701皖,皖AD01987,9,9,210.14,No,No
013_22_皖AF06518_皖AF06518.png,皖AF06518,皖AF06518065,皖AF06518,9,9,440.2,No,No
013_23_皖ADT1137_皖ADT1137.png,皖ADT1137,皖ADT113777,皖ADT1137,9,9,508.11,No,No
013_24_皖AF16888_皖AF16888.png,皖AF16888,皖AF16888177,皖AF16888,9,9,898.14,No,No
013_25_皖AD06320_皖AD06320.png,皖AD06320,皖AD0632006皖,皖AD06320,9,9,615.82,No,No
013_26_皖AF19996_皖AF19996.png,皖AF19996,皖AF1999659皖,皖AF19996,9,9,130.18,No,No
013_27_皖AD19966_皖AD19966.png,皖AD19966,皖AD199669皖,皖AD19966,9,9,354.72,No,No
013_28_皖AD34551_皖AD24551.png,皖AD34551,皖AD24551333,皖AD24551,9,9,673.57,No,Yes
013_29_皖AD05722_皖AD05722.png,皖AD05722,皖AD05722022,皖AD05722,9,9,48.02,Yes,No
013_30_皖AD45789_皖AD45789.png,皖AD45789,皖AD4578955,皖AD45789,9,9,183.26,No,No
013_31_皖AD03586_皖AD03686.png,皖AD03586,皖AD03686037,皖AD03686,9,9,322.26,No,Yes
013_32_皖ND17666_皖A117666.png,皖ND17666,皖A117666776,皖A117666,9,9,235.08,No,Yes
013_33_皖AD26622_皖AD26622.png,皖AD26622,皖AD2662222222,皖AD26622,9,9,493.76,No,No
013_34_皖AD35778_皖AD35778.png,皖AD35778,皖AD357783333,皖AD35778,9,9,319.34,No,No
013_35_皖AD38881_皖AD38887.png,皖AD38881,皖AD3888732223,皖AD38887,9,9,565.11,No,Yes
013_36_皖AD09595_皖AD09595.png,皖AD09595,皖AD0959500皖,皖AD09595,9,9,47.23,Yes,No
013_37_沪AF65929_沪AF65929.png,沪AF65929,沪AF65929555,沪AF65929,9,9,534.85,No,No
013_38_皖AD07033_皖AD07033.png,皖AD07033,皖AD0703377,皖AD07033,9,9,372.34,No,No
013_39_皖AD03877_皖AD03877.png,皖AD03877,皖AD03877033,皖AD03877,9,9,535.25,No,No
013_40_皖AD06196_皖AD06196.png,皖AD06196,皖AD06196055,皖AD06196,9,9,76.14,Yes,No
013_41_皖AF13898_皖AF13898.png,皖AF13898,皖AF13898377,皖AF13898,9,9,274.23,No,No
013_42_浙BF10006_皖BF10006.png,浙BF10006,皖BF1000607,皖BF10006,9,9,1777.9,No,Yes
013_43_皖AD09050_皖AD09050.png,皖AD09050,皖AD0905009皖,皖AD09050,9,9,348.69,No,No
013_44_皖AD06515_皖AD06515.png,皖AD06515,皖AD0651565,皖AD06515,9,9,163.28,No,No
013_45_皖AD03269_皖AD11108.png,皖AD03269,皖AD1110877,皖AD11108,9,9,27.38,Yes,Yes
013_46_皖AD03269_皖AD03269.png,皖AD03269,皖AD03269033,皖AD03269,9,9,646.78,No,No
013_47_皖AD09667_皖AD09669.png,皖AD09667,皖AD0966909皖皖,皖AD09669,9,9,1068.06,No,Yes
013_48_皖AD29951_皖AD29951.png,皖AD29951,皖AD299512222,皖AD29951,9,9,140.97,No,No
013_49_皖AD35322_皖AD35322.png,皖AD35322,皖AD3532233323,皖AD35322,9,9,451.65,No,No
013_50_皖AD06755_皖AD06755.png,皖AD06755,皖AD06755065,皖AD06755,9,9,822.83,No,No
013_51_皖AD18885_皖AD18885.png,皖AD18885,皖AD18885155,皖AD18885,9,9,1084.42,No,No
013_52_皖AD09521_皖AD09521.png,皖AD09521,皖AD09521002,皖AD09521,9,9,937.64,No,No
013_53_皖AD36866_皖AD36869.png,皖AD36866,皖AD36869333,皖AD36869,9,9,199.86,No,Yes
013_54_皖AD08561_皖AD08561.png,皖AD08561,皖AD0856155,皖AD08561,9,9,408.88,No,No
013_55_皖ADT0932_皖ADT0932.png,皖ADT0932,皖ADT09327772,皖ADT0932,9,9,396.21,No,No
013_56_皖AD01930_皖AD01930.png,皖AD01930,皖AD0193001皖,皖AD01930,9,9,620.7,No,No
013_57_皖AD01240_皖AD01240.png,皖AD01240,皖AD0124001皖,皖AD01240,9,9,483.89,No,No
013_58_皖AD09811_皖AD09817.png,皖AD09811,皖AD09817022,皖AD09817,9,9,164.1,No,Yes
013_59_皖AD09171_皖AD09171.png,皖AD09171,皖AD091710皖,皖AD09171,9,9,896.65,No,No
013_60_皖AD38879_皖AD08879.png,皖AD38879,皖AD08879022,皖AD08879,9,9,274.37,No,Yes
013_61_皖AF07070_皖AF07070.png,皖AF07070,皖AF07070077,皖AF07070,9,9,677.78,No,No
013_62_皖AD01024_皖AD01024.png,皖AD01024,皖AD0102401皖,皖AD01024,9,9,396.7,No,No
013_63_皖AD00518_皖AD00518.png,皖AD00518,皖AD0051800皖,皖AD00518,9,9,139.7,No,No
014_00_皖AD09990_皖AD09990.png,皖AD09990,皖AD09990009皖皖,皖AD09990,9,9,169.01,No,No
014_01_皖AD38879_皖AD38879.png,皖AD38879,皖AD3887933333,皖AD38879,9,9,617.6,No,No
014_02_皖AD39518_皖AD39518.png,皖AD39518,皖AD3951833553,皖AD39518,9,9,457.65,No,No
014_03_皖AD00007_皖AD03377.png,皖AD00007,皖AD033770007皖,皖AD03377,9,9,152.43,No,Yes
014_04_皖AD06305_皖AD06305.png,皖AD06305,皖AD06305065,皖AD06305,9,9,712.71,No,No
014_05_皖AD18885_皖AD18885.png,皖AD18885,皖AD18885115,皖AD18885,9,9,1266.86,No,No
014_06_皖AD10826_皖AD10826.png,皖AD10826,皖AD10826022,皖AD10826,9,9,190.86,No,No
014_07_皖AD46769_皖AD06769.png,皖AD46769,皖AD0676955,皖AD06769,9,9,241.04,No,Yes
014_08_皖AD07568_皖AD07568.png,皖AD07568,皖AD0756877,皖AD07568,9,9,293.81,No,No
014_09_皖AD06989_皖AD06989.png,皖AD06989,皖AD069895皖,皖AD06989,9,9,970.08,No,No
014_10_皖AD03259_皖AD03259.png,皖AD03259,皖AD032590033,皖AD03259,9,9,319.69,No,No
014_11_皖AD06558_皖AD06558.png,皖AD06558,皖AD06558055,皖AD06558,9,9,305.68,No,No
014_12_皖KF06899_皖AF06899.png,皖KF06899,皖AF068990777,皖AF06899,9,9,337.46,No,Yes
014_13_皖AD01928_皖AD01928.png,皖AD01928,皖AD019280000,皖AD01928,9,9,305.98,No,No
014_14_皖AD00208_皖AD03208.png,皖AD00208,皖AD0320805皖皖,皖AD03208,9,9,105.5,No,Yes
014_15_皖AD09597_皖AD09597.png,皖AD09597,皖AD09597000皖,皖AD09597,9,9,136.65,No,No
014_16_皖AD08379_皖AD08379.png,皖AD08379,皖AD0837900皖,皖AD08379,9,9,323.95,No,No
014_17_皖AD07328_皖AD07328.png,皖AD07328,皖AD07328072,皖AD07328,9,9,255.9,No,No
014_18_皖AF10000_皖AF10000.png,皖AF10000,皖AF1000007,皖AF10000,9,9,562.55,No,No
014_19_皖AD09522_皖AD09522.png,皖AD09522,皖AD09522002,皖AD09522,9,9,170.88,No,No
014_20_皖AD32380_皖AD32380.png,皖AD32380,皖AD32380322,皖AD32380,9,9,295.48,No,No
014_21_皖AD07328_皖AD07328.png,皖AD07328,皖AD07328072,皖AD07328,9,9,145.53,No,No
014_22_皖AD23307_皖AD23307.png,皖AD23307,皖AD2330777,皖AD23307,9,9,875.03,No,No
014_23_皖AD00776_皖AD00776.png,皖AD00776,皖AD00776007,皖AD00776,9,9,1214.24,No,No
014_24_皖ADT1127_皖AD11177.png,皖ADT1127,皖AD11177777,皖AD11177,9,9,505.44,No,Yes
014_25_皖AD09650_皖AD09650.png,皖AD09650,皖AD0965005皖,皖AD09650,9,9,834.09,No,No
014_26_皖AD04222_皖AD04222.png,皖AD04222,皖AD04222022,皖AD04222,9,9,304.24,No,No
014_27_皖AD06966_皖AD06966.png,皖AD06966,皖AD06966066,皖AD06966,9,9,220.56,No,No
014_28_皖ADT0952_皖ADT0952.png,皖ADT0952,皖ADT09520722,皖ADT0952,9,9,792.53,No,No
014_29_皖AD05998_皖AD05998.png,皖AD05998,皖AD0599805皖,皖AD05998,9,9,472.14,No,No
014_30_皖AD09528_皖AD09510.png,皖AD09528,皖AD0951002皖,皖AD09510,9,9,21.19,Yes,Yes
014_31_皖AD08561_皖AD08561.png,皖AD08561,皖AD08561065,皖AD08561,9,9,412.23,No,No
014_32_皖AD04350_皖AD04350.png,皖AD04350,皖AD04350055,皖AD04350,9,9,1430.07,No,No
014_33_皖AD08889_皖AD08889.png,皖AD08889,皖AD0888900皖,皖AD08889,9,9,1027.99,No,No
014_34_皖AD30300_皖AD30300.png,皖AD30300,皖AD30300033,皖AD30300,9,9,231.68,No,No
014_35_皖AD06508_皖AD06508.png,皖AD06508,皖AD06508065,皖AD06508,9,9,771.84,No,No
014_36_皖AD08561_皖AD08561.png,皖AD08561,皖AD08561065,皖AD08561,9,9,529.98,No,No
014_37_皖AF06730_皖AF06730.png,皖AF06730,皖AF0673065,皖AF06730,9,9,576.81,No,No
014_38_皖KF06899_皖KF06899.png,皖KF06899,皖KF068990977,皖KF06899,9,9,449.45,No,No
014_39_皖AD06827_皖AD06827.png,皖AD06827,皖AD06827022,皖AD06827,9,9,649.92,No,No
014_40_皖AF02909_皖AF02909.png,皖AF02909,皖AF02909027,皖AF02909,9,9,772.47,No,No
014_41_皖AD07588_皖AD07588.png,皖AD07588,皖AD0758807皖,皖AD07588,9,9,160.48,No,No
014_42_浙BF10006_皖BF10006.png,浙BF10006,皖BF10006077,皖BF10006,9,9,433.88,No,Yes
014_43_皖AD04466_皖AD04466.png,皖AD04466,皖AD0446655,皖AD04466,9,9,311.69,No,No
014_44_皖AD01550_皖AD01550.png,皖AD01550,皖AD01550055,皖AD01550,9,9,326.86,No,No
014_45_皖AD08783_皖AD08783.png,皖AD08783,皖AD08783,皖AD08783,9,9,326.12,No,No
014_46_皖AD01065_皖AD01065.png,皖AD01065,皖AD01065015,皖AD01065,9,9,243.1,No,No
014_47_皖AD18116_皖AD18116.png,皖AD18116,皖AD18116111,皖AD18116,9,9,107.48,No,No
014_48_皖AD44431_皖AD44431.png,皖AD44431,皖AD4443155,皖AD44431,9,9,699.7,No,No
014_49_皖AF17100_皖AF17100.png,皖AF17100,皖AF171007777,皖AF17100,9,9,48.82,Yes,No
014_50_皖AD06569_皖AD06565.png,皖AD06569,皖AD06565055,皖AD06565,9,9,394.84,No,Yes
014_51_皖AF07388_皖AF07388.png,皖AF07388,皖AF07388077,皖AF07388,9,9,722.79,No,No
014_52_皖AD08813_皖AD08813.png,皖AD08813,皖AD088130皖,皖AD08813,9,9,20.99,Yes,No
014_53_皖AD01804_皖AD01804.png,皖AD01804,皖AD01804000,皖AD01804,9,9,354.6,No,No
014_54_皖AD05769_皖AD05769.png,皖AD05769,皖AD05769055,皖AD05769,9,9,588.22,No,No
014_55_皖AD23068_皖AD23068.png,皖AD23068,皖AD2306837,皖AD23068,9,9,750.13,No,No
014_56_皖KF06899_皖AF06899.png,皖KF06899,皖AF06899377,皖AF06899,9,9,336.88,No,Yes
014_57_皖AD19908_皖AD19908.png,皖AD19908,皖AD199085皖,皖AD19908,9,9,390.04,No,No
014_58_皖AD01962_皖AD01962.png,皖AD01962,皖AD01962002,皖AD01962,9,9,427.92,No,No
014_59_皖AD08889_皖AD08889.png,皖AD08889,皖AD088890皖,皖AD08889,9,9,1128.5,No,No
014_60_皖AD06771_皖AD06771.png,皖AD06771,皖AD0677167,皖AD06771,9,9,356.93,No,No
014_61_沪AD99008_沪AD99008.png,沪AD99008,沪AD9900855,沪AD99008,9,9,529.59,No,No
